股票名称,股票代码,日期,开盘,收盘,最高,最低,成交量,成交额,振幅,涨跌幅,涨跌额,换手率
通化金马,000766,2016-06-13,14.48,14.65,15.09,14.35,161153,238809986.0,5.05,0.07,0.01,3.59
通化金马,000766,2016-06-14,14.6,14.64,14.9,14.43,71507,104736342.0,3.21,-0.07,-0.01,1.59
通化金马,000766,2016-06-15,14.53,14.88,15.08,14.46,86843,129045943.0,4.23,1.64,0.24,1.93
通化金马,000766,2016-06-16,15.0,15.04,15.47,14.85,90388,137027449.0,4.17,1.08,0.16,2.01
通化金马,000766,2016-06-17,15.14,15.07,15.26,14.9,61552,92694702.0,2.39,0.2,0.03,1.37
通化金马,000766,2016-06-20,15.07,16.01,16.08,14.88,159584,249119474.0,7.96,6.24,0.94,3.55
通化金马,000766,2016-06-21,16.17,16.0,16.8,15.93,150970,247887528.0,5.43,-0.06,-0.01,3.36
通化金马,000766,2016-06-22,15.9,17.06,17.08,15.8,122700,202603081.0,8.0,6.63,1.06,2.73
通化金马,000766,2016-06-23,17.07,17.58,17.79,16.85,167312,293956080.0,5.51,3.05,0.52,3.73
通化金马,000766,2016-06-24,17.63,17.55,18.0,16.28,193564,336426400.0,9.78,-0.17,-0.03,4.31
通化金马,000766,2016-06-27,17.17,18.99,19.2,17.16,196431,362305664.0,11.62,8.21,1.44,4.37
通化金马,000766,2016-06-28,18.99,18.96,19.45,18.57,156210,295930592.0,4.63,-0.16,-0.03,3.48
通化金马,000766,2016-06-29,18.99,19.22,19.45,18.18,229500,431765360.0,6.7,1.37,0.26,5.11
通化金马,000766,2016-06-30,19.46,20.04,20.18,19.33,189363,376629552.0,4.42,4.27,0.82,4.22
通化金马,000766,2016-07-01,20.1,19.99,20.39,19.8,91615,183247406.0,2.94,-0.25,-0.05,2.04
通化金马,000766,2016-07-04,19.85,19.82,20.15,19.7,96353,191534391.0,2.25,-0.85,-0.17,2.15
通化金马,000766,2016-07-05,19.75,18.77,19.95,18.3,251208,477114352.0,8.32,-5.3,-1.05,5.59
通化金马,000766,2016-07-06,18.59,18.8,19.18,18.33,125820,234947168.0,4.53,0.16,0.03,2.8
通化金马,000766,2016-07-07,18.9,18.56,19.07,18.5,88521,166281373.0,3.03,-1.28,-0.24,1.97
通化金马,000766,2016-07-08,18.74,18.88,19.1,18.61,93736,176742680.0,2.64,1.72,0.32,2.09
通化金马,000766,2016-07-11,19.0,19.7,19.9,19.0,121225,237814500.0,4.77,4.34,0.82,2.7
通化金马,000766,2016-07-12,19.85,19.76,20.27,19.62,113256,225765785.0,3.3,0.3,0.06,2.52
通化金马,000766,2016-07-13,19.81,20.57,20.58,19.81,126870,256957292.0,3.9,4.1,0.81,2.83
通化金马,000766,2016-07-14,21.26,20.95,21.45,20.69,128794,270310656.0,3.69,1.85,0.38,2.87
通化金马,000766,2016-07-15,20.95,21.89,22.05,20.72,170894,369732624.0,6.35,4.49,0.94,3.81
通化金马,000766,2016-07-18,21.88,23.88,23.97,21.88,247195,571252448.0,9.55,9.09,1.99,5.51
通化金马,000766,2016-07-19,23.92,23.14,24.0,22.7,198757,461628048.0,5.44,-3.1,-0.74,4.43
通化金马,000766,2016-07-20,23.03,24.69,24.77,22.88,201806,486653072.0,8.17,6.7,1.55,4.49
通化金马,000766,2016-07-21,24.5,24.32,24.99,23.9,172168,419335488.0,4.41,-1.5,-0.37,3.83
通化金马,000766,2016-07-22,24.42,21.89,24.84,21.89,346733,787166272.0,12.13,-9.99,-2.43,7.72
通化金马,000766,2016-07-25,21.79,23.12,23.22,20.81,219595,488943984.0,11.01,5.62,1.23,4.89
通化金马,000766,2016-07-26,23.2,24.0,24.22,22.86,158668,375287856.0,5.88,3.81,0.88,3.53
通化金马,000766,2016-07-27,23.88,22.79,24.3,21.75,252859,580503456.0,10.63,-5.04,-1.21,5.63
通化金马,000766,2016-07-28,22.5,22.74,23.45,22.01,132758,302829952.0,6.32,-0.22,-0.05,2.96
通化金马,000766,2016-07-29,22.88,20.47,22.9,20.47,243881,515266384.0,10.69,-9.98,-2.27,5.43
通化金马,000766,2016-08-01,20.37,20.07,20.95,19.55,172464,350558272.0,6.84,-1.95,-0.4,3.84
通化金马,000766,2016-08-02,20.33,18.92,20.48,18.3,286151,542559632.0,10.86,-5.73,-1.15,6.37
通化金马,000766,2016-08-03,18.8,18.95,19.03,18.4,129459,243401299.0,3.33,0.16,0.03,2.88
通化金马,000766,2016-08-04,19.15,20.1,20.47,18.93,155077,305373648.0,8.13,6.07,1.15,3.45
通化金马,000766,2016-08-05,20.28,20.13,20.41,19.83,117025,235766593.0,2.89,0.15,0.03,2.61
通化金马,000766,2016-08-08,20.0,20.45,20.93,19.9,107039,220087926.0,5.12,1.59,0.32,2.38
通化金马,000766,2016-08-09,20.5,20.23,20.71,20.03,81875,166157280.0,3.33,-1.08,-0.22,1.82
通化金马,000766,2016-08-10,20.39,20.2,20.39,20.1,54960,111211744.0,1.43,-0.15,-0.03,1.22
通化金马,000766,2016-08-11,20.21,19.24,20.22,18.8,129723,251614040.0,7.03,-4.75,-0.96,2.89
通化金马,000766,2016-08-12,19.27,19.34,19.65,19.08,53030,102727071.0,2.96,0.52,0.1,1.18
通化金马,000766,2016-08-15,19.41,19.69,19.82,19.41,71761,141150858.0,2.12,1.81,0.35,1.6
通化金马,000766,2016-08-16,19.7,20.3,20.44,19.47,100134,201652388.0,4.93,3.1,0.61,2.23
通化金马,000766,2016-08-17,20.32,21.58,21.68,20.28,156349,328843936.0,6.9,6.31,1.28,3.48
通化金马,000766,2016-08-18,21.43,22.24,22.46,21.0,193350,426955536.0,6.77,3.06,0.66,4.31
通化金马,000766,2016-08-19,22.35,22.09,22.38,21.66,105144,230994007.0,3.24,-0.67,-0.15,2.34
通化金马,000766,2016-08-22,22.3,21.87,22.58,21.8,90550,200522579.0,3.53,-1.0,-0.22,2.02
通化金马,000766,2016-08-23,21.64,21.23,21.92,21.01,89790,191700192.0,4.16,-2.93,-0.64,2.0
通化金马,000766,2016-08-24,21.23,22.05,22.14,21.23,91475,199978492.0,4.29,3.86,0.82,2.04
通化金马,000766,2016-08-25,21.99,21.85,22.4,21.59,100613,221353272.0,3.67,-0.91,-0.2,2.24
通化金马,000766,2016-08-26,21.9,21.86,22.19,21.35,108869,237565601.0,3.84,0.05,0.01,2.42
通化金马,000766,2016-08-29,21.8,21.83,22.18,21.62,53710,117340154.0,2.56,-0.14,-0.03,1.2
通化金马,000766,2016-08-30,21.83,21.64,21.95,21.62,43954,95671662.0,1.51,-0.87,-0.19,0.98
通化金马,000766,2016-08-31,21.65,21.7,21.8,21.29,53404,114896278.0,2.36,0.28,0.06,1.19
通化金马,000766,2016-09-01,21.89,21.34,21.92,21.22,64983,139969184.0,3.23,-1.66,-0.36,1.45
通化金马,000766,2016-09-02,21.35,20.75,21.44,20.7,74330,156634836.0,3.47,-2.76,-0.59,1.66
通化金马,000766,2016-09-05,20.75,20.99,21.25,20.7,44937,94470099.0,2.65,1.16,0.24,1.0
通化金马,000766,2016-09-06,21.0,21.23,21.38,20.81,68368,144392441.0,2.72,1.14,0.24,1.52
通化金马,000766,2016-09-07,21.3,21.16,21.45,21.05,55984,118791182.0,1.88,-0.33,-0.07,1.25
通化金马,000766,2016-09-08,21.12,20.76,21.21,20.63,52018,108716006.0,2.74,-1.89,-0.4,1.16
通化金马,000766,2016-09-09,20.76,20.31,20.9,20.31,53533,110420624.0,2.84,-2.17,-0.45,1.19
通化金马,000766,2016-09-12,19.99,20.13,20.88,19.51,77693,157608829.0,6.75,-0.89,-0.18,1.73
通化金马,000766,2016-09-13,20.26,20.18,20.6,20.1,38880,78880334.0,2.48,0.25,0.05,0.87
通化金马,000766,2016-09-14,20.2,19.78,20.35,19.61,57306,114273955.0,3.67,-1.98,-0.4,1.28
通化金马,000766,2016-09-19,19.8,19.7,20.25,19.3,48486,96532021.0,4.8,-0.4,-0.08,1.08
通化金马,000766,2016-09-20,19.88,19.18,19.88,19.0,79713,153518065.0,4.47,-2.64,-0.52,1.78
通化金马,000766,2016-09-21,19.18,20.15,20.15,19.11,72143,142225786.0,5.42,5.06,0.97,1.61
通化金马,000766,2016-09-22,20.38,19.98,20.46,19.89,74734,150371167.0,2.83,-0.84,-0.17,1.66
通化金马,000766,2016-09-23,19.98,19.5,20.14,19.5,41667,82097305.0,3.2,-2.4,-0.48,0.93
通化金马,000766,2016-09-26,19.5,19.2,19.68,19.06,43310,83832010.0,3.18,-1.54,-0.3,0.96
通化金马,000766,2016-09-27,19.6,19.2,19.6,19.05,32149,61718671.0,2.86,0.0,0.0,0.72
通化金马,000766,2016-09-28,19.33,19.33,19.68,19.22,56278,109175261.0,2.4,0.68,0.13,1.25
通化金马,000766,2016-09-29,19.39,19.24,19.56,19.18,58904,113950653.0,1.97,-0.47,-0.09,1.31
通化金马,000766,2016-09-30,19.25,19.66,19.69,19.22,51571,100222681.0,2.44,2.18,0.42,1.15
通化金马,000766,2016-10-10,20.0,20.58,20.84,20.0,127825,262578651.0,4.27,4.68,0.92,2.85
通化金马,000766,2016-10-11,20.51,20.7,20.94,20.51,77068,159859284.0,2.09,0.58,0.12,1.72
通化金马,000766,2016-10-12,20.85,20.7,20.85,20.5,56284,116343080.0,1.69,0.0,0.0,1.25
通化金马,000766,2016-10-13,20.7,20.69,20.8,20.63,39237,81190801.0,0.82,-0.05,-0.01,0.87
通化金马,000766,2016-10-14,20.68,20.4,20.74,20.38,49860,102500314.0,1.74,-1.4,-0.29,1.11
通化金马,000766,2016-10-17,20.5,20.54,20.9,20.4,56612,117198952.0,2.45,0.69,0.14,1.26
通化金马,000766,2016-10-18,20.62,20.7,20.76,20.21,54692,112113912.0,2.68,0.78,0.16,1.22
通化金马,000766,2016-10-19,20.7,20.46,20.84,20.46,35141,72416118.0,1.84,-1.16,-0.24,0.78
通化金马,000766,2016-10-20,20.54,20.04,20.6,19.9,76432,153648797.0,3.42,-2.05,-0.42,1.7
通化金马,000766,2016-10-21,20.08,19.93,20.08,19.69,47080,93309058.0,1.95,-0.55,-0.11,1.05
通化金马,000766,2016-10-24,19.95,19.95,20.0,19.67,43075,85404611.0,1.66,0.1,0.02,0.96
通化金马,000766,2016-10-25,19.97,19.93,20.08,19.88,32463,64860437.0,1.0,-0.1,-0.02,0.72
通化金马,000766,2016-10-26,19.97,19.5,19.97,19.46,47493,93235283.0,2.56,-2.16,-0.43,1.06
通化金马,000766,2016-10-27,19.32,19.6,19.87,19.32,33110,65252080.0,2.82,0.51,0.1,0.74
通化金马,000766,2016-10-28,19.51,19.55,19.66,19.36,35754,69823376.0,1.53,-0.26,-0.05,0.8
通化金马,000766,2016-10-31,19.56,19.38,19.56,19.26,32724,63377040.0,1.53,-0.87,-0.17,0.73
通化金马,000766,2016-11-01,19.49,19.47,19.49,19.31,32621,63190176.0,0.93,0.46,0.09,0.73
通化金马,000766,2016-11-02,19.28,19.02,19.48,18.81,76760,146411587.0,3.44,-2.31,-0.45,1.71
通化金马,000766,2016-11-03,18.94,19.05,19.24,18.81,47790,90663310.0,2.26,0.16,0.03,1.06
通化金马,000766,2016-11-04,19.05,18.63,19.05,18.6,52858,99248238.0,2.36,-2.2,-0.42,1.18
通化金马,000766,2016-11-07,18.64,18.6,18.76,18.35,41588,76946773.0,2.2,-0.16,-0.03,0.93
通化金马,000766,2016-11-08,18.72,18.96,19.31,18.63,57783,110109956.0,3.66,1.94,0.36,1.29
通化金马,000766,2016-11-09,19.09,18.74,19.09,18.38,42916,80389771.0,3.74,-1.16,-0.22,0.96
通化金马,000766,2016-11-10,18.93,18.81,18.99,18.73,40720,76695247.0,1.39,0.37,0.07,0.91
通化金马,000766,2016-11-11,18.83,18.8,18.89,18.57,44110,82330469.0,1.7,-0.05,-0.01,0.98
通化金马,000766,2016-11-14,18.85,19.22,19.43,18.8,74202,142727490.0,3.35,2.23,0.42,1.65
通化金马,000766,2016-11-15,19.35,19.22,19.38,19.12,41119,79024830.0,1.35,0.0,0.0,0.92
通化金马,000766,2016-11-16,19.23,19.15,19.39,19.15,41675,80152898.0,1.25,-0.36,-0.07,0.93
通化金马,000766,2016-11-17,19.24,19.16,19.45,19.13,41423,79664963.0,1.67,0.05,0.01,0.92
通化金马,000766,2016-11-18,19.16,18.94,19.16,18.85,40397,76605341.0,1.62,-1.15,-0.22,0.9
通化金马,000766,2016-11-21,18.8,18.74,18.92,18.69,31767,59618973.0,1.21,-1.06,-0.2,0.71
通化金马,000766,2016-11-22,18.71,18.8,18.89,18.58,42093,78706449.0,1.65,0.32,0.06,0.94
通化金马,000766,2016-11-23,18.74,18.73,18.97,18.68,36523,68580478.0,1.54,-0.37,-0.07,0.81
通化金马,000766,2016-11-24,18.73,18.48,18.82,18.4,47519,88081026.0,2.24,-1.33,-0.25,1.06
通化金马,000766,2016-11-25,18.52,18.35,18.55,18.02,60180,109618060.0,2.87,-0.7,-0.13,1.34
通化金马,000766,2016-11-28,18.46,18.56,18.7,18.35,40923,75803050.0,1.91,1.14,0.21,0.91
通化金马,000766,2016-11-29,18.54,18.68,18.85,18.35,59796,111742375.0,2.69,0.65,0.12,1.33
通化金马,000766,2016-11-30,18.69,18.69,19.17,18.65,76020,143583583.0,2.78,0.05,0.01,1.69
通化金马,000766,2016-12-01,18.92,18.78,18.93,18.68,44581,83777910.0,1.34,0.48,0.09,0.99
通化金马,000766,2016-12-02,18.82,18.36,18.88,18.35,38760,71873396.0,2.82,-2.24,-0.42,0.86
通化金马,000766,2016-12-05,18.36,18.61,18.67,17.98,45742,83854050.0,3.76,1.36,0.25,1.02
通化金马,000766,2016-12-06,18.6,18.8,18.87,18.46,44137,82555718.0,2.2,1.02,0.19,0.98
通化金马,000766,2016-12-07,18.8,18.77,18.87,18.68,26321,49421870.0,1.01,-0.16,-0.03,0.59
通化金马,000766,2016-12-08,18.74,18.93,19.28,18.69,53409,101616348.0,3.14,0.85,0.16,1.19
通化金马,000766,2016-12-09,18.93,18.83,19.19,18.65,67249,127296834.0,2.85,-0.53,-0.1,1.5
通化金马,000766,2016-12-12,18.8,18.18,18.88,18.14,65191,120240909.0,3.93,-3.45,-0.65,1.45
通化金马,000766,2016-12-13,18.18,18.16,18.26,17.62,47484,85251676.0,3.52,-0.11,-0.02,1.06
通化金马,000766,2016-12-14,18.16,18.19,18.28,18.02,30724,55858978.0,1.43,0.17,0.03,0.68
通化金马,000766,2016-12-15,18.19,18.11,18.31,18.03,26503,48210331.0,1.54,-0.44,-0.08,0.59
通化金马,000766,2016-12-16,18.23,17.98,18.3,17.92,35928,64995177.0,2.1,-0.72,-0.13,0.8
通化金马,000766,2016-12-19,17.99,18.07,18.14,17.91,22544,40630269.0,1.28,0.5,0.09,0.5
通化金马,000766,2016-12-20,18.07,18.01,18.12,17.83,31978,57377325.0,1.6,-0.33,-0.06,0.71
通化金马,000766,2016-12-21,18.13,18.06,18.37,17.99,32210,58379301.0,2.11,0.28,0.05,0.72
通化金马,000766,2016-12-22,18.01,18.0,18.12,17.98,24008,43344070.0,0.78,-0.33,-0.06,0.53
通化金马,000766,2016-12-23,18.0,17.79,18.06,17.5,36888,65706135.0,3.11,-1.17,-0.21,0.82
通化金马,000766,2016-12-26,17.79,17.8,17.84,17.5,23213,41125215.0,1.91,0.06,0.01,0.52
通化金马,000766,2016-12-27,17.8,17.66,17.89,17.62,29227,51788210.0,1.52,-0.79,-0.14,0.65
通化金马,000766,2016-12-28,17.7,17.55,17.76,17.49,25372,44682150.0,1.53,-0.62,-0.11,0.57
通化金马,000766,2016-12-29,17.5,17.59,17.73,17.49,28470,50056656.0,1.37,0.23,0.04,0.63
通化金马,000766,2016-12-30,17.66,17.56,17.75,17.5,25194,44450566.0,1.42,-0.17,-0.03,0.56
通化金马,000766,2017-01-03,17.56,17.84,17.89,17.56,35444,62990392.0,1.88,1.59,0.28,0.79
通化金马,000766,2017-01-04,17.88,18.15,18.17,17.75,45881,82462686.0,2.35,1.74,0.31,1.02
通化金马,000766,2017-01-05,18.2,19.0,19.4,18.09,103444,195045145.0,7.22,4.68,0.85,2.3
通化金马,000766,2017-01-06,19.0,19.07,19.3,18.85,63186,120781574.0,2.37,0.37,0.07,1.41
通化金马,000766,2017-01-09,18.97,20.05,20.06,18.94,115530,227698679.0,5.87,5.14,0.98,2.57
通化金马,000766,2017-01-10,19.85,20.01,20.35,19.85,69221,138686180.0,2.49,-0.2,-0.04,1.54
通化金马,000766,2017-01-11,19.97,19.97,20.14,19.66,50872,101301987.0,2.4,-0.2,-0.04,1.13
通化金马,000766,2017-01-12,19.95,19.98,20.18,19.78,44306,88614010.0,2.0,0.05,0.01,0.99
通化金马,000766,2017-01-13,20.06,19.4,20.06,19.37,49973,98200818.0,3.45,-2.9,-0.58,1.11
通化金马,000766,2017-01-16,19.4,18.72,19.8,17.6,63793,120646898.0,11.34,-3.51,-0.68,1.42
通化金马,000766,2017-01-17,18.75,18.75,19.0,18.53,34031,63846780.0,2.51,0.16,0.03,0.76
通化金马,000766,2017-01-18,18.98,19.03,19.2,18.68,36433,69056601.0,2.77,1.49,0.28,0.81
通化金马,000766,2017-01-19,19.02,18.8,19.1,18.75,19953,37788094.0,1.84,-1.21,-0.23,0.44
通化金马,000766,2017-01-20,18.78,18.88,18.94,18.7,21747,40940237.0,1.28,0.43,0.08,0.48
通化金马,000766,2017-01-23,18.94,19.68,19.71,18.85,43559,84108897.0,4.56,4.24,0.8,0.97
通化金马,000766,2017-01-24,19.66,19.47,20.1,19.46,64396,127212660.0,3.25,-1.07,-0.21,1.43
通化金马,000766,2017-01-25,19.16,19.2,19.5,19.0,40856,78794231.0,2.57,-1.39,-0.27,0.91
通化金马,000766,2017-01-26,19.06,18.95,19.34,18.85,28235,53663694.0,2.55,-1.3,-0.25,0.63
通化金马,000766,2017-02-03,19.1,18.62,19.1,18.62,23251,43643169.0,2.53,-1.74,-0.33,0.52
通化金马,000766,2017-02-06,18.62,18.81,18.85,18.35,30261,56160147.0,2.69,1.02,0.19,0.67
通化金马,000766,2017-02-07,18.9,18.49,18.9,18.25,46887,86566971.0,3.46,-1.7,-0.32,1.04
通化金马,000766,2017-02-08,18.5,18.41,18.55,18.13,31644,57849677.0,2.27,-0.43,-0.08,0.7
通化金马,000766,2017-02-09,18.4,18.55,18.69,18.35,40397,74763871.0,1.85,0.76,0.14,0.9
通化金马,000766,2017-02-10,18.55,18.57,18.74,18.46,24083,44696807.0,1.51,0.11,0.02,0.54
通化金马,000766,2017-02-13,18.6,18.53,18.7,18.5,31668,58870679.0,1.08,-0.22,-0.04,0.71
通化金马,000766,2017-02-14,18.53,18.25,18.55,18.1,34925,63786916.0,2.43,-1.51,-0.28,0.78
通化金马,000766,2017-02-15,18.27,18.43,18.55,18.08,50679,92657987.0,2.58,0.99,0.18,1.13
通化金马,000766,2017-02-16,18.41,18.27,18.44,18.15,32682,59806612.0,1.57,-0.87,-0.16,0.73
通化金马,000766,2017-02-17,18.05,18.05,18.32,17.83,44228,79812717.0,2.68,-1.2,-0.22,0.99
通化金马,000766,2017-02-20,18.09,17.97,18.1,17.78,29773,53321417.0,1.77,-0.44,-0.08,0.66
通化金马,000766,2017-02-21,17.97,18.09,18.14,17.96,20191,36438944.0,1.0,0.67,0.12,0.45
通化金马,000766,2017-02-22,18.09,18.05,18.15,17.98,33417,60310916.0,0.94,-0.22,-0.04,0.74
通化金马,000766,2017-02-23,18.05,18.14,18.22,17.93,29892,54009691.0,1.61,0.5,0.09,0.67
通化金马,000766,2017-02-24,18.14,18.24,18.47,18.05,31263,57282101.0,2.32,0.55,0.1,0.7
通化金马,000766,2017-02-27,18.28,18.02,18.28,17.92,41424,74747653.0,1.97,-1.21,-0.22,0.92
通化金马,000766,2017-02-28,17.9,18.01,18.1,17.81,27184,48814950.0,1.61,-0.06,-0.01,0.61
通化金马,000766,2017-03-01,18.09,17.99,18.09,17.9,25476,45714127.0,1.05,-0.11,-0.02,0.57
通化金马,000766,2017-03-02,18.03,17.88,18.08,17.88,20029,35953950.0,1.11,-0.61,-0.11,0.45
通化金马,000766,2017-03-03,17.9,17.9,17.95,17.82,13879,24850416.0,0.73,0.11,0.02,0.31
通化金马,000766,2017-03-06,17.9,18.01,18.05,17.9,25010,45008207.0,0.84,0.61,0.11,0.56
通化金马,000766,2017-03-07,18.06,18.05,18.29,17.95,33377,60363270.0,1.89,0.22,0.04,0.74
通化金马,000766,2017-03-08,18.09,17.94,18.09,17.92,17004,30544477.0,0.94,-0.61,-0.11,0.38
通化金马,000766,2017-03-09,17.96,17.99,18.09,17.9,16380,29480975.0,1.06,0.28,0.05,0.36
通化金马,000766,2017-03-10,18.03,18.1,18.12,17.97,33196,59928078.0,0.83,0.61,0.11,0.74
通化金马,000766,2017-03-13,18.16,17.98,18.17,17.93,22191,39989146.0,1.33,-0.66,-0.12,0.49
通化金马,000766,2017-03-14,18.0,17.97,18.03,17.72,39105,69830028.0,1.72,-0.06,-0.01,0.87
通化金马,000766,2017-03-15,17.92,17.84,17.92,17.79,22481,40127328.0,0.72,-0.72,-0.13,0.5
通化金马,000766,2017-03-16,17.85,17.85,17.95,17.69,35316,62854740.0,1.46,0.06,0.01,0.79
通化金马,000766,2017-03-17,17.85,17.72,17.85,17.6,30401,53918118.0,1.4,-0.73,-0.13,0.68
通化金马,000766,2017-03-20,17.66,18.29,18.39,17.66,70751,128353634.0,4.12,3.22,0.57,1.58
通化金马,000766,2017-03-21,18.29,18.11,18.59,18.07,51945,95036561.0,2.84,-0.98,-0.18,1.16
通化金马,000766,2017-03-22,18.11,18.31,18.47,17.93,62987,115474894.0,2.98,1.1,0.2,1.4
通化金马,000766,2017-03-23,18.25,18.25,18.4,18.02,37892,68835003.0,2.08,-0.33,-0.06,0.84
通化金马,000766,2017-03-24,18.25,18.33,18.45,18.14,34766,63573738.0,1.7,0.44,0.08,0.77
通化金马,000766,2017-03-27,18.32,18.12,18.4,18.08,25657,46706317.0,1.75,-1.15,-0.21,0.57
通化金马,000766,2017-03-28,18.16,18.02,18.21,17.98,23342,42172816.0,1.27,-0.55,-0.1,0.52
通化金马,000766,2017-03-29,18.02,17.83,18.08,17.8,22268,39899127.0,1.55,-1.05,-0.19,0.5
通化金马,000766,2017-03-30,17.83,17.83,17.89,17.5,29976,53009330.0,2.19,0.0,0.0,0.67
通化金马,000766,2017-03-31,17.83,18.41,18.5,17.82,63735,116570314.0,3.81,3.25,0.58,1.42
通化金马,000766,2017-04-05,18.4,18.41,18.51,18.28,35116,64665392.0,1.25,0.0,0.0,0.78
通化金马,000766,2017-04-06,18.4,18.32,18.49,18.25,27930,51300841.0,1.3,-0.49,-0.09,0.62
通化金马,000766,2017-04-07,18.33,18.24,18.39,18.2,21626,39490500.0,1.04,-0.44,-0.08,0.48
通化金马,000766,2017-04-10,18.26,18.04,18.32,18.0,30379,54883128.0,1.75,-1.1,-0.2,0.68
通化金马,000766,2017-04-11,18.03,18.13,18.13,17.84,27627,49500475.0,1.61,0.5,0.09,0.62
通化金马,000766,2017-04-12,18.17,18.03,18.17,17.91,20792,37427274.0,1.43,-0.55,-0.1,0.46
通化金马,000766,2017-04-13,18.0,17.84,18.0,17.8,20620,36892731.0,1.11,-1.05,-0.19,0.46
通化金马,000766,2017-04-14,17.86,17.78,17.99,17.76,14957,26700590.0,1.29,-0.34,-0.06,0.33
通化金马,000766,2017-04-17,17.89,18.22,18.28,17.6,44144,79482598.0,3.82,2.47,0.44,0.98
通化金马,000766,2017-04-18,18.16,18.06,18.33,18.02,23141,41956440.0,1.7,-0.88,-0.16,0.52
通化金马,000766,2017-04-19,18.06,18.23,18.3,17.8,31953,57526725.0,2.77,0.94,0.17,0.71
通化金马,000766,2017-04-20,18.18,18.34,18.57,18.03,56310,103325594.0,2.96,0.6,0.11,1.25
通化金马,000766,2017-04-21,18.42,18.2,18.42,18.03,27578,50126854.0,2.13,-0.76,-0.14,0.61
通化金马,000766,2017-04-24,18.21,17.91,18.24,17.6,27274,49006744.0,3.52,-1.59,-0.29,0.61
通化金马,000766,2017-04-25,17.91,18.08,18.23,17.85,25946,46823272.0,2.12,0.95,0.17,0.58
通化金马,000766,2017-04-26,18.08,17.93,18.14,17.9,17332,31218081.0,1.33,-0.83,-0.15,0.39
通化金马,000766,2017-04-27,17.93,17.9,18.04,17.69,17264,30772367.0,1.95,-0.17,-0.03,0.38
通化金马,000766,2017-04-28,17.91,18.09,18.1,17.85,21901,39396062.0,1.4,1.06,0.19,0.49
通化金马,000766,2017-05-02,18.2,17.97,18.2,17.9,20865,37677816.0,1.66,-0.66,-0.12,0.46
通化金马,000766,2017-05-03,17.97,17.92,17.97,17.74,16241,28976890.0,1.28,-0.28,-0.05,0.36
通化金马,000766,2017-05-04,17.84,18.07,18.2,17.84,36819,66789307.0,2.01,0.84,0.15,0.82
通化金马,000766,2017-05-05,18.16,17.77,18.16,17.7,32195,57381376.0,2.55,-1.66,-0.3,0.72
通化金马,000766,2017-05-08,17.71,15.99,17.72,15.99,146756,236289707.0,9.74,-10.02,-1.78,3.27
通化金马,000766,2017-05-09,15.61,15.92,15.92,14.39,131914,199301608.0,9.57,-0.44,-0.07,2.94
通化金马,000766,2017-05-10,15.8,15.2,15.86,15.2,35820,55591801.0,4.15,-4.52,-0.72,0.8
通化金马,000766,2017-05-11,15.0,15.05,15.28,13.68,116784,166376413.0,10.53,-0.99,-0.15,2.6
通化金马,000766,2017-05-12,14.9,15.05,15.1,14.42,54634,81199483.0,4.52,0.0,0.0,1.22
通化金马,000766,2017-05-15,15.05,15.0,15.05,14.76,30017,44746354.0,1.93,-0.33,-0.05,0.67
通化金马,000766,2017-05-16,15.08,14.98,15.08,14.6,29121,43332640.0,3.2,-0.13,-0.02,0.65
通化金马,000766,2017-05-17,15.0,14.87,15.07,14.8,28829,42991624.0,1.8,-0.73,-0.11,0.64
通化金马,000766,2017-05-18,14.91,14.92,14.98,14.75,22523,33550424.0,1.55,0.34,0.05,0.5
通化金马,000766,2017-05-19,14.95,14.88,14.96,14.75,17551,26032452.0,1.41,-0.27,-0.04,0.39
通化金马,000766,2017-05-22,14.8,14.89,14.93,14.74,21295,31618403.0,1.28,0.07,0.01,0.47
通化金马,000766,2017-05-23,14.8,14.71,14.96,14.52,16639,24565715.0,2.96,-1.21,-0.18,0.37
通化金马,000766,2017-05-24,14.7,15.33,15.63,14.6,53885,81543039.0,7.0,4.21,0.62,1.2
通化金马,000766,2017-05-25,15.49,15.5,15.55,15.1,32935,50584704.0,2.94,1.11,0.17,0.73
通化金马,000766,2017-05-26,15.5,15.6,15.6,15.31,35644,55195568.0,1.87,0.65,0.1,0.79
通化金马,000766,2017-05-31,15.65,15.66,15.9,15.6,28332,44566076.0,1.92,0.38,0.06,0.63
通化金马,000766,2017-06-01,15.51,15.95,15.95,15.51,75884,119428165.0,2.81,1.85,0.29,1.69
通化金马,000766,2017-06-02,16.09,16.45,16.45,15.82,48084,77338901.0,3.95,3.13,0.5,1.07
通化金马,000766,2017-06-05,16.48,17.02,17.07,16.36,42782,72223206.0,4.32,3.47,0.57,0.95
通化金马,000766,2017-06-06,17.0,17.03,17.08,16.6,38257,64878840.0,2.82,0.06,0.01,0.85
通化金马,000766,2017-06-07,16.94,17.15,17.19,16.9,34332,58559535.0,1.7,0.7,0.12,0.76
通化金马,000766,2017-06-08,17.19,17.01,17.19,16.98,24033,41030726.0,1.22,-0.82,-0.14,0.54
通化金马,000766,2017-06-09,17.0,17.39,17.5,16.98,35112,60507834.0,3.06,2.23,0.38,0.78
通化金马,000766,2017-06-12,17.45,17.33,17.48,17.12,25361,43910945.0,2.07,-0.35,-0.06,0.56
通化金马,000766,2017-06-13,17.42,17.28,17.45,17.06,107581,185911298.0,2.25,-0.29,-0.05,2.4
通化金马,000766,2017-06-14,17.28,17.01,17.28,16.93,23383,39923616.0,2.03,-1.56,-0.27,0.52
通化金马,000766,2017-06-15,17.0,17.22,17.25,16.99,34102,58506395.0,1.53,1.23,0.21,0.76
通化金马,000766,2017-06-16,17.12,17.03,17.27,17.01,16664,28460450.0,1.51,-1.1,-0.19,0.37
通化金马,000766,2017-06-19,17.03,16.99,17.03,16.52,46747,78720037.0,2.99,-0.23,-0.04,1.04
通化金马,000766,2017-06-20,17.02,17.4,17.5,17.02,59217,102759577.0,2.83,2.41,0.41,1.32
通化金马,000766,2017-06-21,17.5,18.01,18.01,17.5,66825,118851102.0,2.93,3.51,0.61,1.49
通化金马,000766,2017-06-22,18.1,16.21,18.73,16.21,176701,307092592.0,13.99,-9.99,-1.8,3.94
通化金马,000766,2017-06-23,15.8,15.37,15.8,15.0,132043,203272910.0,4.94,-5.18,-0.84,2.94
通化金马,000766,2017-06-26,15.64,16.91,16.91,15.64,188135,312014048.0,8.26,10.02,1.54,4.19
通化金马,000766,2017-06-27,16.95,17.05,17.22,16.68,94105,159686057.0,3.19,0.83,0.14,2.1
通化金马,000766,2017-06-28,17.05,16.7,17.13,16.7,58407,99010693.0,2.52,-2.05,-0.35,1.3
通化金马,000766,2017-06-29,17.0,16.9,17.17,16.71,52147,88470191.0,2.75,1.2,0.2,1.16
通化金马,000766,2017-06-30,16.9,15.98,17.03,15.3,155226,246438153.0,10.24,-5.44,-0.92,3.46
通化金马,000766,2017-07-03,15.85,15.88,15.98,15.43,105205,165340644.0,3.44,-0.63,-0.1,2.34
通化金马,000766,2017-07-04,15.9,15.68,15.92,15.6,34903,54785781.0,2.02,-1.26,-0.2,0.78
通化金马,000766,2017-07-05,15.72,15.68,15.78,15.24,80902,125741768.0,3.44,0.0,0.0,1.8
通化金马,000766,2017-07-06,15.6,15.6,15.7,15.43,45833,71255749.0,1.72,-0.51,-0.08,1.02
通化金马,000766,2017-07-07,15.45,15.6,15.65,15.36,33935,52530016.0,1.86,0.0,0.0,0.76
通化金马,000766,2017-07-10,15.59,15.36,15.63,15.18,47732,73327195.0,2.88,-1.54,-0.24,1.06
通化金马,000766,2017-07-11,15.33,15.06,15.39,15.05,40515,61569916.0,2.21,-1.95,-0.3,0.9
通化金马,000766,2017-07-12,15.06,14.57,15.18,13.55,136883,193171552.0,10.82,-3.25,-0.49,3.05
通化金马,000766,2017-07-13,14.15,13.98,14.44,13.86,74116,104435685.0,3.98,-4.05,-0.59,1.65
通化金马,000766,2017-07-14,14.02,14.0,14.26,13.62,40322,56515576.0,4.58,0.14,0.02,0.9
通化金马,000766,2017-07-17,14.0,13.35,14.09,13.25,68530,93141994.0,6.0,-4.64,-0.65,1.53
通化金马,000766,2017-07-18,13.39,13.08,13.39,12.55,119394,153573022.0,6.29,-2.02,-0.27,2.66
通化金马,000766,2017-07-19,13.15,14.0,14.13,13.1,96436,133316956.0,7.87,7.03,0.92,2.15
通化金马,000766,2017-07-20,14.1,13.98,14.1,13.48,53016,73193505.0,4.43,-0.14,-0.02,1.18
通化金马,000766,2017-10-23,15.3,14.55,15.3,14.31,144718,213818273.0,7.08,4.08,0.57,3.22
通化金马,000766,2017-10-24,14.79,14.12,14.79,13.97,70833,100856147.0,5.64,-2.96,-0.43,1.58
通化金马,000766,2017-10-25,14.0,14.68,15.29,13.33,110033,157269737.0,13.88,3.97,0.56,2.45
通化金马,000766,2017-10-26,14.35,14.43,14.75,14.31,44755,65125016.0,3.0,-1.7,-0.25,1.0
通化金马,000766,2017-10-27,14.67,14.21,14.68,14.02,41484,59385824.0,4.57,-1.52,-0.22,0.92
通化金马,000766,2017-10-30,14.2,13.78,14.2,13.6,40608,56400812.0,4.22,-3.03,-0.43,0.9
通化金马,000766,2017-10-31,13.77,13.99,14.18,13.63,21423,29943291.0,3.99,1.52,0.21,0.48
通化金马,000766,2017-11-01,14.09,13.74,14.15,13.73,26709,37211467.0,3.0,-1.79,-0.25,0.59
通化金马,000766,2017-11-02,13.74,13.46,13.83,13.36,32539,43930333.0,3.42,-2.04,-0.28,0.72
通化金马,000766,2017-11-03,13.35,13.46,13.7,13.35,22085,29801208.0,2.6,0.0,0.0,0.49
通化金马,000766,2017-11-06,13.6,13.48,13.71,13.33,32704,44224053.0,2.82,0.15,0.02,0.73
通化金马,000766,2017-11-07,13.6,13.58,13.63,13.36,45621,61664031.0,2.0,0.74,0.1,1.02
通化金马,000766,2017-11-08,13.78,13.64,13.78,13.51,44468,60525466.0,1.99,0.44,0.06,0.99
通化金马,000766,2017-11-09,13.71,13.55,13.71,13.45,35134,47473805.0,1.91,-0.66,-0.09,0.78
通化金马,000766,2017-11-10,13.56,13.47,13.65,13.41,34941,47129642.0,1.77,-0.59,-0.08,0.78
通化金马,000766,2017-11-13,13.34,13.7,14.16,13.31,58708,80390260.0,6.31,1.71,0.23,1.31
通化金马,000766,2017-11-14,13.7,13.5,13.75,13.35,27469,37221644.0,2.92,-1.46,-0.2,0.61
通化金马,000766,2017-11-15,13.35,13.55,13.58,13.3,28199,37868538.0,2.07,0.37,0.05,0.63
通化金马,000766,2017-11-16,13.56,13.35,13.58,13.24,37636,50295370.0,2.51,-1.48,-0.2,0.84
通化金马,000766,2017-11-17,13.36,13.35,13.48,13.09,37895,50377854.0,2.92,0.0,0.0,0.84
通化金马,000766,2017-11-20,13.36,13.5,13.56,12.74,49479,65316827.0,6.14,1.12,0.15,1.1
通化金马,000766,2017-11-21,13.53,13.68,13.91,13.3,61287,83978802.0,4.52,1.33,0.18,1.36
通化金马,000766,2017-11-22,13.75,13.54,13.82,13.51,43895,59932250.0,2.27,-1.02,-0.14,0.98
通化金马,000766,2017-11-23,13.59,13.6,13.75,13.39,51532,69664401.0,2.66,0.44,0.06,1.15
通化金马,000766,2018-06-21,12.24,12.24,12.55,12.24,73354,89886957.0,2.28,-10.0,-1.36,1.28
通化金马,000766,2018-06-22,11.02,11.02,12.36,11.02,265263,302093072.0,10.95,-9.97,-1.22,4.63
通化金马,000766,2018-06-25,11.1,11.9,12.0,11.06,175029,200992020.0,8.53,7.99,0.88,3.05
通化金马,000766,2018-06-26,11.7,11.9,12.04,11.5,95822,113198398.0,4.54,0.0,0.0,1.67
通化金马,000766,2018-06-27,11.85,11.65,12.03,11.12,84522,97503842.0,7.65,-2.1,-0.25,1.47
通化金马,000766,2018-06-28,11.59,11.62,11.74,11.33,54982,63633260.0,3.52,-0.26,-0.03,0.96
通化金马,000766,2018-06-29,11.62,11.88,11.99,11.36,73515,85522268.0,5.42,2.24,0.26,1.28
通化金马,000766,2018-07-02,11.87,11.65,11.87,11.45,47929,55563915.0,3.54,-1.94,-0.23,0.84
通化金马,000766,2018-07-03,11.65,11.34,11.71,11.34,47259,54034609.0,3.18,-2.66,-0.31,0.82
通化金马,000766,2018-07-04,11.43,11.7,11.78,11.3,83630,96839413.0,4.23,3.17,0.36,1.46
通化金马,000766,2018-07-05,11.66,11.3,11.79,11.26,50640,57883725.0,4.53,-3.42,-0.4,0.88
通化金马,000766,2018-07-06,11.27,11.4,11.57,11.06,40213,45589920.0,4.51,0.88,0.1,0.7
通化金马,000766,2018-07-09,11.5,11.78,11.78,11.37,62062,71810897.0,3.6,3.33,0.38,1.08
通化金马,000766,2018-07-10,11.76,11.82,11.88,11.65,24722,29103316.0,1.95,0.34,0.04,0.43
通化金马,000766,2018-07-11,11.66,11.48,11.76,11.33,42810,49433608.0,3.64,-2.88,-0.34,0.75
通化金马,000766,2018-07-12,11.5,11.7,11.8,11.5,36366,42515373.0,2.61,1.92,0.22,0.63
通化金马,000766,2018-07-13,11.7,11.45,11.7,11.45,20409,23474573.0,2.14,-2.14,-0.25,0.36
通化金马,000766,2018-07-16,11.3,11.72,11.72,11.3,34544,39855969.0,3.67,2.36,0.27,0.6
通化金马,000766,2018-07-17,11.72,11.69,11.72,11.36,64527,74324569.0,3.07,-0.26,-0.03,1.13
通化金马,000766,2018-07-18,11.66,11.35,11.66,11.28,50877,57924290.0,3.25,-2.91,-0.34,0.89
通化金马,000766,2018-07-19,11.3,11.16,11.51,11.1,62587,70585571.0,3.61,-1.67,-0.19,1.09
通化金马,000766,2018-07-20,11.15,11.35,11.35,11.04,27036,30330797.0,2.78,1.7,0.19,0.47
通化金马,000766,2018-07-23,11.2,11.48,11.48,10.98,43983,49658354.0,4.41,1.15,0.13,0.77
通化金马,000766,2018-07-24,11.4,11.45,11.48,11.31,35827,40848018.0,1.48,-0.26,-0.03,0.62
通化金马,000766,2018-07-25,11.45,11.46,11.47,11.33,26519,30243593.0,1.22,0.09,0.01,0.46
通化金马,000766,2018-07-26,11.46,11.56,11.85,11.35,89424,104511061.0,4.36,0.87,0.1,1.56
通化金马,000766,2018-07-27,11.5,11.38,11.5,11.36,31463,35907685.0,1.21,-1.56,-0.18,0.55
通化金马,000766,2018-07-30,11.55,11.45,11.55,11.33,23661,26996922.0,1.93,0.62,0.07,0.41
通化金马,000766,2018-07-31,11.46,11.47,11.51,11.42,23738,27192406.0,0.79,0.17,0.02,0.41
通化金马,000766,2018-08-01,11.44,11.45,11.48,11.35,23410,26714269.0,1.13,-0.17,-0.02,0.41
通化金马,000766,2018-08-02,11.38,11.36,11.44,11.13,33007,37131377.0,2.71,-0.79,-0.09,0.58
通化金马,000766,2018-08-03,11.37,11.44,11.48,11.34,17869,20359020.0,1.23,0.7,0.08,0.31
通化金马,000766,2018-08-06,11.48,11.42,11.49,11.29,19135,21805237.0,1.75,-0.17,-0.02,0.33
通化金马,000766,2018-08-07,11.41,10.28,11.44,10.28,99393,103084710.0,10.16,-9.98,-1.14,1.73
通化金马,000766,2018-08-08,9.25,9.25,9.59,9.25,261456,242137419.0,3.31,-10.02,-1.03,4.56
通化金马,000766,2018-08-09,8.33,8.33,8.55,8.33,316682,263849110.0,2.38,-9.95,-0.92,5.52
通化金马,000766,2018-08-10,7.7,7.72,8.05,7.65,353096,275285888.0,4.8,-7.32,-0.61,6.16
通化金马,000766,2018-08-13,7.65,7.63,7.72,7.51,127193,97052357.0,2.72,-1.17,-0.09,2.22
通化金马,000766,2018-08-14,7.51,7.79,7.83,7.51,113164,87597947.0,4.19,2.1,0.16,1.97
通化金马,000766,2018-08-15,7.73,7.54,7.84,7.54,81196,62110966.0,3.85,-3.21,-0.25,1.42
通化金马,000766,2018-08-16,7.46,6.99,7.46,6.79,121952,86891520.0,8.89,-7.29,-0.55,2.13
通化金马,000766,2018-08-17,7.13,6.48,7.19,6.41,120344,81967880.0,11.16,-7.3,-0.51,2.1
通化金马,000766,2018-08-20,6.41,6.56,6.65,6.31,120755,78740941.0,5.25,1.23,0.08,2.11
通化金马,000766,2018-08-21,6.67,6.59,6.72,6.55,82911,54890622.0,2.59,0.46,0.03,1.45
通化金马,000766,2018-08-22,6.71,7.25,7.25,6.64,188624,132118987.0,9.26,10.02,0.66,3.29
通化金马,000766,2018-08-23,7.6,7.98,7.98,7.4,217371,169206019.0,8.0,10.07,0.73,3.79
通化金马,000766,2018-08-24,8.4,8.4,8.78,8.21,360344,308767440.0,7.14,5.26,0.42,6.28
通化金马,000766,2018-08-27,8.28,8.25,8.7,7.76,290414,237677164.0,11.19,-1.79,-0.15,5.06
通化金马,000766,2018-08-28,8.05,7.81,8.19,7.81,167859,133769299.0,4.61,-5.33,-0.44,2.93
通化金马,000766,2018-08-29,8.08,7.91,8.35,7.91,120325,96954877.0,5.63,1.28,0.1,2.1
通化金马,000766,2018-08-30,8.0,7.68,8.08,7.67,100734,78733701.0,5.18,-2.91,-0.23,1.76
通化金马,000766,2018-08-31,7.8,7.75,7.81,7.53,79361,61007652.0,3.65,0.91,0.07,1.38
通化金马,000766,2018-09-03,7.75,7.5,7.76,7.36,75829,57177034.0,5.16,-3.23,-0.25,1.32
通化金马,000766,2018-09-04,7.65,8.25,8.25,7.6,128192,103837247.0,8.67,10.0,0.75,2.24
通化金马,000766,2018-09-05,8.46,7.95,8.69,7.93,201448,168328507.0,9.21,-3.64,-0.3,3.51
通化金马,000766,2018-09-06,8.04,8.75,8.75,7.91,319641,276229088.0,10.57,10.06,0.8,5.57
通化金马,000766,2018-09-07,9.0,8.8,9.1,8.48,340693,299400928.0,7.09,0.57,0.05,5.94
通化金马,000766,2018-09-10,8.55,8.2,8.55,8.15,164901,137255992.0,4.55,-6.82,-0.6,2.88
通化金马,000766,2018-09-11,8.33,8.29,8.68,8.22,127206,107021912.0,5.61,1.1,0.09,2.22
通化金马,000766,2018-09-12,8.22,8.35,8.6,8.22,91710,76680645.0,4.58,0.72,0.06,1.6
通化金马,000766,2018-09-13,8.37,8.23,8.44,8.01,99217,81113248.0,5.15,-1.44,-0.12,1.73
通化金马,000766,2018-09-14,8.26,7.99,8.26,7.95,65805,52915992.0,3.77,-2.92,-0.24,1.15
通化金马,000766,2018-09-17,7.96,7.83,7.96,7.6,61575,47730524.0,4.51,-2.0,-0.16,1.07
通化金马,000766,2018-09-18,7.83,7.88,7.99,7.69,87045,68212295.0,3.83,0.64,0.05,1.52
通化金马,000766,2018-09-19,7.79,7.91,7.92,7.67,87088,68123707.0,3.17,0.38,0.03,1.52
通化金马,000766,2018-09-20,7.86,7.79,7.87,7.71,65894,51337522.0,2.02,-1.52,-0.12,1.15
通化金马,000766,2018-09-21,7.84,8.12,8.57,7.8,147102,120484873.0,9.88,4.24,0.33,2.57
通化金马,000766,2018-09-25,7.91,8.04,8.07,7.5,79876,63329826.0,7.02,-0.99,-0.08,1.39
通化金马,000766,2018-09-26,8.09,8.05,8.21,7.92,75059,60216305.0,3.61,0.12,0.01,1.31
通化金马,000766,2018-09-27,8.0,8.0,8.18,7.94,73899,59491980.0,2.98,-0.62,-0.05,1.29
通化金马,000766,2018-09-28,8.09,8.2,8.55,8.02,90732,74659985.0,6.63,2.5,0.2,1.58
通化金马,000766,2018-10-08,8.0,8.01,8.15,7.8,70757,56749449.0,4.27,-2.32,-0.19,1.23
通化金马,000766,2018-10-09,8.02,7.93,8.09,7.88,46874,37366074.0,2.62,-1.0,-0.08,0.82
通化金马,000766,2018-10-10,7.97,8.01,8.01,7.8,40596,32139676.0,2.65,1.01,0.08,0.71
通化金马,000766,2018-10-11,7.52,7.51,7.83,7.37,74922,56918579.0,5.74,-6.24,-0.5,1.31
通化金马,000766,2018-10-12,7.55,7.69,7.8,7.15,58560,43533225.0,8.66,2.4,0.18,1.02
通化金马,000766,2018-10-15,7.68,7.61,7.95,7.58,36244,28077291.0,4.81,-1.04,-0.08,0.63
通化金马,000766,2018-10-16,7.6,7.63,7.76,7.53,35088,26843127.0,3.02,0.26,0.02,0.61
通化金马,000766,2018-10-17,7.7,7.71,7.87,7.56,24870,19086336.0,4.06,1.05,0.08,0.43
通化金马,000766,2018-10-18,7.71,7.52,7.71,7.5,21549,16292879.0,2.72,-2.46,-0.19,0.38
通化金马,000766,2018-10-19,7.51,7.61,7.63,7.32,29087,21907001.0,4.12,1.2,0.09,0.51
通化金马,000766,2018-10-22,7.77,8.19,8.37,7.7,88920,71131131.0,8.8,7.62,0.58,1.55
通化金马,000766,2018-10-23,8.18,7.94,8.18,7.9,49353,39549542.0,3.42,-3.05,-0.25,0.86
通化金马,000766,2018-10-24,7.88,7.86,7.98,7.81,26592,20987501.0,2.14,-1.01,-0.08,0.46
通化金马,000766,2018-10-25,7.6,7.71,7.78,7.5,28216,21575013.0,3.56,-1.91,-0.15,0.49
通化金马,000766,2018-10-26,7.73,7.71,7.85,7.63,26843,20766456.0,2.85,0.0,0.0,0.47
通化金马,000766,2018-10-29,7.7,7.56,7.74,7.54,19415,14754197.0,2.59,-1.95,-0.15,0.34
通化金马,000766,2018-10-30,7.56,7.56,7.68,7.38,26132,19636619.0,3.97,0.0,0.0,0.46
通化金马,000766,2018-10-31,7.55,7.58,7.64,7.54,24678,18742012.0,1.32,0.26,0.02,0.43
通化金马,000766,2018-11-01,7.53,7.65,7.86,7.53,53123,41133739.0,4.35,0.92,0.07,0.93
通化金马,000766,2018-11-02,7.76,8.16,8.35,7.72,159053,128849879.0,8.24,6.67,0.51,2.77
通化金马,000766,2018-11-05,8.12,8.3,8.33,8.0,99562,81660216.0,4.04,1.72,0.14,1.74
通化金马,000766,2018-11-06,8.24,8.3,8.35,8.17,55665,45988846.0,2.17,0.0,0.0,0.97
通化金马,000766,2018-11-07,8.32,8.16,8.47,8.15,63963,53121466.0,3.86,-1.69,-0.14,1.12
通化金马,000766,2018-11-08,8.27,8.12,8.34,8.1,48611,39868242.0,2.94,-0.49,-0.04,0.85
通化金马,000766,2018-11-09,8.05,8.01,8.17,7.99,50174,40428308.0,2.22,-1.35,-0.11,0.87
通化金马,000766,2018-11-12,8.11,8.07,8.15,7.98,73734,59220867.0,2.12,0.75,0.06,1.29
通化金马,000766,2018-11-13,7.98,8.23,8.23,7.92,96415,78243352.0,3.84,1.98,0.16,1.68
通化金马,000766,2018-11-14,8.24,8.13,8.3,8.11,69307,56739901.0,2.31,-1.22,-0.1,1.21
通化金马,000766,2018-11-15,8.09,8.15,8.19,8.09,57018,46413989.0,1.23,0.25,0.02,0.99
通化金马,000766,2018-11-16,8.15,8.09,8.18,7.95,75460,60983858.0,2.82,-0.74,-0.06,1.32
通化金马,000766,2018-11-19,8.18,8.11,8.26,8.0,83524,67873738.0,3.21,0.25,0.02,1.46
通化金马,000766,2018-11-20,8.12,8.12,8.26,7.99,97613,79175440.0,3.33,0.12,0.01,1.7
通化金马,000766,2018-11-21,8.12,7.76,8.12,7.51,101276,78740754.0,7.51,-4.43,-0.36,1.77
通化金马,000766,2018-11-22,7.68,7.64,7.79,7.52,68335,52293451.0,3.48,-1.55,-0.12,1.19
通化金马,000766,2018-11-23,7.5,7.35,7.7,7.33,58280,43711817.0,4.84,-3.8,-0.29,1.02
通化金马,000766,2018-11-26,7.38,7.4,7.48,7.25,32619,24087194.0,3.13,0.68,0.05,0.57
通化金马,000766,2018-11-27,7.49,7.43,7.51,7.35,30546,22734234.0,2.16,0.41,0.03,0.53
通化金马,000766,2018-11-28,7.42,7.38,7.47,7.29,33801,24996314.0,2.42,-0.67,-0.05,0.59
通化金马,000766,2018-11-29,7.43,8.12,8.12,7.43,197592,155693219.0,9.35,10.03,0.74,3.45
通化金马,000766,2018-11-30,8.1,8.15,8.25,7.88,190331,154721883.0,4.56,0.37,0.03,3.32
通化金马,000766,2018-12-03,8.26,8.42,8.49,8.15,199898,165914065.0,4.17,3.31,0.27,3.49
通化金马,000766,2018-12-04,8.33,8.32,8.45,8.2,107384,89480500.0,2.97,-1.19,-0.1,1.87
通化金马,000766,2018-12-05,8.06,8.35,8.35,8.05,78145,64158592.0,3.61,0.36,0.03,1.36
通化金马,000766,2018-12-06,8.18,8.14,8.35,8.07,63874,52320851.0,3.35,-2.51,-0.21,1.11
通化金马,000766,2018-12-07,8.19,8.03,8.25,7.98,55594,44858306.0,3.32,-1.35,-0.11,0.97
通化金马,000766,2018-12-10,8.03,8.05,8.19,7.98,42108,34075808.0,2.62,0.25,0.02,0.73
通化金马,000766,2018-12-11,8.05,8.25,8.27,8.05,69484,56972680.0,2.73,2.48,0.2,1.21
通化金马,000766,2018-12-12,8.24,8.12,8.27,8.1,42635,34806214.0,2.06,-1.58,-0.13,0.74
通化金马,000766,2018-12-13,8.2,8.18,8.24,8.11,44579,36451603.0,1.6,0.74,0.06,0.78
通化金马,000766,2018-12-14,8.2,8.48,8.83,8.18,172765,147306976.0,7.95,3.67,0.3,3.01
通化金马,000766,2018-12-17,8.43,9.1,9.3,8.42,208963,187584515.0,10.38,7.31,0.62,3.64
通化金马,000766,2018-12-18,8.92,8.8,9.28,8.75,149442,133853954.0,5.82,-3.3,-0.3,2.61
通化金马,000766,2018-12-20,7.92,7.92,7.92,7.92,12021,9520632.0,0.0,-10.0,-0.88,0.21
通化金马,000766,2018-12-21,7.14,7.23,7.65,7.14,202772,147993533.0,6.44,-8.71,-0.69,3.54
通化金马,000766,2018-12-24,7.08,7.16,7.26,6.91,99359,70555533.0,4.84,-0.97,-0.07,1.73
通化金马,000766,2018-12-25,7.1,7.05,7.18,6.9,71406,50281611.0,3.91,-1.54,-0.11,1.25
通化金马,000766,2018-12-26,7.06,6.98,7.13,6.98,42342,29821118.0,2.13,-0.99,-0.07,0.74
通化金马,000766,2018-12-27,7.14,6.73,7.14,6.62,54322,37516131.0,7.45,-3.58,-0.25,0.95
通化金马,000766,2018-12-28,6.82,6.86,6.91,6.73,44854,30652582.0,2.67,1.93,0.13,0.78
通化金马,000766,2019-01-02,6.83,7.01,7.03,6.81,44876,31166629.0,3.21,2.19,0.15,0.78
通化金马,000766,2019-01-03,7.03,6.77,7.05,6.76,45158,31041559.0,4.14,-3.42,-0.24,0.79
通化金马,000766,2019-01-04,6.55,6.86,6.88,6.55,40497,27347175.0,4.87,1.33,0.09,0.71
通化金马,000766,2019-01-07,6.9,6.92,6.95,6.63,82353,55791903.0,4.66,0.87,0.06,1.44
通化金马,000766,2019-01-08,6.89,6.97,7.11,6.81,69245,48345676.0,4.34,0.72,0.05,1.21
通化金马,000766,2019-01-09,6.93,6.99,7.05,6.92,59822,41861842.0,1.87,0.29,0.02,1.04
通化金马,000766,2019-01-10,6.99,6.87,7.03,6.86,50082,34711727.0,2.43,-1.72,-0.12,0.87
通化金马,000766,2019-01-11,6.87,6.88,6.9,6.75,43110,29475535.0,2.18,0.15,0.01,0.75
通化金马,000766,2019-01-14,6.89,6.8,6.89,6.77,25241,17206072.0,1.74,-1.16,-0.08,0.44
通化金马,000766,2019-01-15,6.84,6.77,6.86,6.67,49657,33597678.0,2.79,-0.44,-0.03,0.87
通化金马,000766,2019-01-16,6.77,6.95,6.95,6.77,46557,31957312.0,2.66,2.66,0.18,0.81
通化金马,000766,2019-01-17,6.88,6.77,6.93,6.77,40502,27686691.0,2.3,-2.59,-0.18,0.71
通化金马,000766,2019-01-18,6.77,6.77,6.84,6.75,32791,22278273.0,1.33,0.0,0.0,0.57
通化金马,000766,2019-01-21,6.78,6.87,6.91,6.78,35086,24107564.0,1.92,1.48,0.1,0.61
通化金马,000766,2019-01-22,6.88,6.7,6.88,6.65,37571,25319429.0,3.35,-2.47,-0.17,0.66
通化金马,000766,2019-01-23,6.73,6.73,6.79,6.68,25885,17463826.0,1.64,0.45,0.03,0.45
通化金马,000766,2019-01-24,6.78,6.67,6.79,6.63,27307,18267967.0,2.38,-0.89,-0.06,0.48
通化金马,000766,2019-01-25,6.71,6.59,6.73,6.58,27682,18364409.0,2.25,-1.2,-0.08,0.48
通化金马,000766,2019-01-28,6.6,6.42,6.64,6.42,29558,19304314.0,3.34,-2.58,-0.17,0.52
通化金马,000766,2019-01-29,6.43,6.03,6.49,5.81,61930,37609996.0,10.59,-6.07,-0.39,1.08
通化金马,000766,2019-01-30,6.0,6.23,6.27,5.96,43852,26950011.0,5.14,3.32,0.2,0.76
通化金马,000766,2019-01-31,6.29,5.93,6.29,5.87,48568,29322680.0,6.74,-4.82,-0.3,0.85
通化金马,000766,2019-02-01,6.06,6.3,6.37,6.04,61489,38269177.0,5.56,6.24,0.37,1.07
通化金马,000766,2019-02-11,6.33,6.5,6.55,6.32,38266,24662732.0,3.65,3.17,0.2,0.67
通化金马,000766,2019-02-12,6.47,6.55,6.65,6.47,39145,25720704.0,2.77,0.77,0.05,0.68
通化金马,000766,2019-02-13,6.65,6.67,6.71,6.51,47963,31730402.0,3.05,1.83,0.12,0.84
通化金马,000766,2019-02-14,6.78,6.71,6.78,6.65,46262,31031339.0,1.95,0.6,0.04,0.81
通化金马,000766,2019-02-15,6.65,6.74,6.76,6.63,35925,24088329.0,1.94,0.45,0.03,0.63
通化金马,000766,2019-02-18,6.81,6.94,6.98,6.76,62044,42638683.0,3.26,2.97,0.2,1.08
通化金马,000766,2019-02-19,6.93,6.88,6.97,6.75,54836,37623490.0,3.17,-0.86,-0.06,0.96
通化金马,000766,2019-02-20,6.92,6.84,6.92,6.67,43251,29354803.0,3.63,-0.58,-0.04,0.75
通化金马,000766,2019-02-21,6.86,6.77,6.93,6.75,60086,41175834.0,2.63,-1.02,-0.07,1.05
通化金马,000766,2019-02-22,6.81,6.91,6.91,6.7,61334,41815517.0,3.1,2.07,0.14,1.07
通化金马,000766,2019-02-25,6.92,7.16,7.19,6.9,122877,86648079.0,4.2,3.62,0.25,2.14
通化金马,000766,2019-02-26,7.18,7.43,7.64,7.12,160321,119095957.0,7.26,3.77,0.27,2.8
通化金马,000766,2019-02-27,7.4,7.58,7.58,7.3,115803,86430719.0,3.77,2.02,0.15,2.02
通化金马,000766,2019-02-28,7.6,7.61,7.89,7.47,103214,79321554.0,5.54,0.4,0.03,1.8
通化金马,000766,2019-03-01,7.7,7.5,7.7,7.44,88643,66934948.0,3.42,-1.45,-0.11,1.55
通化金马,000766,2019-03-04,7.5,7.64,7.83,7.49,132060,101290627.0,4.53,1.87,0.14,2.3
通化金马,000766,2019-03-05,7.64,8.09,8.09,7.61,156655,123354114.0,6.28,5.89,0.45,2.73
通化金马,000766,2019-03-06,8.18,8.05,8.23,7.84,152637,122217608.0,4.82,-0.49,-0.04,2.66
通化金马,000766,2019-03-07,8.05,8.1,8.22,7.81,180815,144209816.0,5.09,0.62,0.05,3.15
通化金马,000766,2019-03-08,8.0,7.51,8.0,7.5,163002,126539635.0,6.17,-7.28,-0.59,2.84
通化金马,000766,2019-03-11,7.5,7.76,7.76,7.46,110459,84330089.0,3.99,3.33,0.25,1.93
通化金马,000766,2019-03-12,7.8,7.85,7.97,7.7,130965,102873138.0,3.48,1.16,0.09,2.28
通化金马,000766,2019-03-13,7.84,7.73,8.01,7.64,132595,104251260.0,4.71,-1.53,-0.12,2.31
通化金马,000766,2019-03-14,7.75,7.59,7.94,7.48,104959,80457394.0,5.95,-1.81,-0.14,1.83
通化金马,000766,2019-03-15,7.64,7.59,7.75,7.51,104574,79806817.0,3.16,0.0,0.0,1.82
通化金马,000766,2019-03-18,7.58,7.98,7.98,7.51,182558,142187582.0,6.19,5.14,0.39,3.18
通化金马,000766,2019-03-19,8.1,7.78,8.3,7.69,247534,194916855.0,7.64,-2.51,-0.2,4.32
通化金马,000766,2019-03-20,7.72,7.68,7.77,7.57,140226,107346276.0,2.57,-1.29,-0.1,2.45
通化金马,000766,2019-03-21,7.69,7.63,7.75,7.59,216621,165597506.0,2.08,-0.65,-0.05,3.78
通化金马,000766,2019-03-22,7.6,8.02,8.02,7.58,271585,212218297.0,5.77,5.11,0.39,4.74
通化金马,000766,2019-03-25,7.91,8.2,8.55,7.85,365134,301663344.0,8.73,2.24,0.18,6.37
通化金马,000766,2019-03-26,8.24,8.15,8.6,8.04,338060,282418704.0,6.83,-0.61,-0.05,5.89
通化金马,000766,2019-03-27,8.22,8.97,8.97,8.19,327919,289018192.0,9.57,10.06,0.82,5.72
通化金马,000766,2019-03-28,8.99,8.67,9.6,8.6,663225,605856944.0,11.15,-3.34,-0.3,11.56
通化金马,000766,2019-03-29,8.59,8.86,8.96,8.17,363367,311991328.0,9.11,2.19,0.19,6.34
通化金马,000766,2019-04-01,9.75,9.75,9.75,9.75,63762,62167579.0,0.0,10.05,0.89,1.11
通化金马,000766,2019-04-02,10.5,10.73,10.73,10.15,590201,622037152.0,5.95,10.05,0.98,10.29
通化金马,000766,2019-04-03,10.7,11.47,11.76,10.13,890142,956124048.0,15.19,6.9,0.74,15.52
通化金马,000766,2019-04-04,11.09,11.46,11.99,11.08,870977,1010028752.0,7.93,-0.09,-0.01,15.19
通化金马,000766,2019-04-08,11.18,12.1,12.56,10.9,883964,1035338080.0,14.49,5.58,0.64,15.41
通化金马,000766,2019-04-09,11.77,11.57,12.42,11.5,644848,761512864.0,7.6,-4.38,-0.53,11.24
通化金马,000766,2019-04-10,11.5,11.83,12.36,11.11,681222,807778912.0,10.8,2.25,0.26,11.88
通化金马,000766,2019-04-11,11.62,10.85,12.06,10.7,586088,672913008.0,11.5,-8.28,-0.98,10.22
通化金马,000766,2019-04-12,11.0,10.15,11.06,9.91,564639,584244432.0,10.6,-6.45,-0.7,9.85
通化金马,000766,2019-04-15,10.28,10.14,10.42,10.03,415964,425446080.0,3.84,-0.1,-0.01,7.25
通化金马,000766,2019-04-16,10.21,10.4,10.53,10.11,425497,438947648.0,4.14,2.56,0.26,7.42
通化金马,000766,2019-04-17,10.39,11.27,11.27,10.18,575947,615001360.0,10.48,8.37,0.87,10.04
通化金马,000766,2019-04-18,10.98,10.76,11.23,10.69,452474,495634128.0,4.79,-4.53,-0.51,7.89
通化金马,000766,2019-04-19,10.59,10.53,10.9,10.38,276785,292726352.0,4.83,-2.14,-0.23,4.83
通化金马,000766,2019-04-22,10.46,10.02,10.54,9.93,306288,311811584.0,5.79,-4.84,-0.51,5.21
通化金马,000766,2019-04-23,10.05,9.92,10.16,9.71,236408,235375851.0,4.49,-1.0,-0.1,4.02
通化金马,000766,2019-04-24,10.43,10.9,10.91,10.25,783411,843248368.0,6.65,9.88,0.98,13.33
通化金马,000766,2019-04-25,10.15,10.0,10.48,9.88,535193,544072848.0,5.5,-8.26,-0.9,9.11
通化金马,000766,2019-04-26,10.0,9.45,10.0,9.38,267970,258703458.0,6.2,-5.5,-0.55,4.56
通化金马,000766,2019-04-29,9.3,8.83,9.38,8.78,276050,250232657.0,6.35,-6.56,-0.62,4.7
通化金马,000766,2019-04-30,8.84,9.01,9.33,8.81,200511,181602137.0,5.89,2.04,0.18,3.41
通化金马,000766,2019-05-06,8.51,8.11,8.76,8.11,257467,215648273.0,7.21,-9.99,-0.9,4.38
通化金马,000766,2019-05-07,8.23,8.43,8.58,8.16,236300,197864788.0,5.18,3.95,0.32,4.02
通化金马,000766,2019-05-08,8.04,8.49,8.76,8.04,252878,215106468.0,8.54,0.71,0.06,4.3
通化金马,000766,2019-05-09,8.42,8.2,8.53,8.15,185696,154738768.0,4.48,-3.42,-0.29,3.16
通化金马,000766,2019-05-10,8.82,8.54,8.99,8.23,321146,277710064.0,9.27,4.15,0.34,5.46
通化金马,000766,2019-05-13,8.54,8.57,8.86,8.42,227387,196631452.0,5.15,0.35,0.03,3.87
通化金马,000766,2019-05-14,8.28,8.31,8.56,8.25,189198,158308510.0,3.62,-3.03,-0.26,3.22
通化金马,000766,2019-05-15,9.1,8.93,9.1,8.66,470856,417670784.0,5.29,7.46,0.62,8.01
通化金马,000766,2019-05-16,8.86,8.88,9.08,8.75,365022,326144416.0,3.7,-0.56,-0.05,6.21
通化金马,000766,2019-05-17,8.81,8.26,8.93,8.1,329534,279059120.0,9.35,-6.98,-0.62,5.61
通化金马,000766,2019-05-20,8.17,7.85,8.23,7.56,205582,160449180.0,8.11,-4.96,-0.41,3.5
通化金马,000766,2019-05-21,7.81,8.04,8.09,7.77,157561,125854046.0,4.08,2.42,0.19,2.68
通化金马,000766,2019-05-22,8.06,7.86,8.07,7.78,150281,119087976.0,3.61,-2.24,-0.18,2.56
通化金马,000766,2019-05-23,7.8,7.61,7.89,7.56,128845,99319772.0,4.2,-3.18,-0.25,2.19
通化金马,000766,2019-05-24,7.6,7.52,7.75,7.48,98285,74511314.0,3.55,-1.18,-0.09,1.67
通化金马,000766,2019-05-27,7.6,7.74,7.75,7.45,143752,110069386.0,3.99,2.93,0.22,2.45
通化金马,000766,2019-05-28,7.75,7.66,7.92,7.62,180960,140668413.0,3.88,-1.03,-0.08,3.08
通化金马,000766,2019-05-29,7.64,7.65,7.76,7.56,117840,90283638.0,2.61,-0.13,-0.01,2.0
通化金马,000766,2019-05-30,7.58,7.35,7.58,7.12,189996,138933019.0,6.01,-3.92,-0.3,3.23
通化金马,000766,2019-05-31,7.48,7.31,7.52,7.27,106503,78869257.0,3.4,-0.54,-0.04,1.72
通化金马,000766,2019-06-03,7.36,7.07,7.38,7.06,122748,87718178.0,4.38,-3.28,-0.24,1.99
通化金马,000766,2019-06-04,7.11,6.95,7.17,6.88,98934,69315585.0,4.1,-1.7,-0.12,1.6
通化金马,000766,2019-06-05,7.03,6.84,7.08,6.81,97088,67192015.0,3.88,-1.58,-0.11,1.57
通化金马,000766,2019-06-06,6.7,6.48,6.75,6.27,179057,115416049.0,7.02,-5.26,-0.36,2.9
通化金马,000766,2019-06-10,6.55,6.4,6.57,6.35,150769,97100731.0,3.4,-1.23,-0.08,2.44
通化金马,000766,2019-06-11,6.42,6.83,6.93,6.41,216808,144863419.0,8.13,6.72,0.43,3.51
通化金马,000766,2019-06-12,6.83,6.66,6.9,6.64,152600,103145954.0,3.81,-2.49,-0.17,2.47
通化金马,000766,2019-06-13,6.78,6.74,6.88,6.56,171357,115280171.0,4.8,1.2,0.08,2.77
通化金马,000766,2019-06-14,6.83,6.49,6.87,6.43,179972,119014592.0,6.53,-3.71,-0.25,2.91
通化金马,000766,2019-06-17,6.51,6.48,6.73,6.39,177941,116759037.0,5.24,-0.15,-0.01,2.88
通化金马,000766,2019-06-18,6.6,6.48,6.63,6.42,153230,99867980.0,3.24,0.0,0.0,2.48
通化金马,000766,2019-06-19,6.6,6.69,6.78,6.54,234965,156659458.0,3.7,3.24,0.21,3.8
通化金马,000766,2019-06-20,6.76,6.86,6.93,6.63,257566,175349894.0,4.48,2.54,0.17,4.17
通化金马,000766,2019-06-21,6.87,6.96,7.04,6.82,214987,149239579.0,3.21,1.46,0.1,3.48
通化金马,000766,2019-06-24,6.9,6.84,6.96,6.73,152663,104134163.0,3.3,-1.72,-0.12,2.47
通化金马,000766,2019-06-25,6.92,6.75,6.97,6.63,195818,132691155.0,4.97,-1.32,-0.09,3.17
通化金马,000766,2019-06-26,6.81,6.83,6.93,6.67,165396,112816466.0,3.85,1.19,0.08,2.68
通化金马,000766,2019-06-27,6.88,6.99,7.06,6.81,198438,137974493.0,3.66,2.34,0.16,3.21
通化金马,000766,2019-06-28,7.06,6.8,7.08,6.71,139364,95248820.0,5.29,-2.72,-0.19,2.25
通化金马,000766,2019-07-01,6.91,6.96,7.01,6.85,163695,113698281.0,2.35,2.35,0.16,2.65
通化金马,000766,2019-07-02,6.96,7.19,7.25,6.92,274808,195117300.0,4.74,3.3,0.23,4.45
通化金马,000766,2019-07-03,7.3,7.16,7.39,7.06,285754,205262413.0,4.59,-0.42,-0.03,4.62
通化金马,000766,2019-07-04,7.15,7.07,7.16,7.0,138819,98041422.0,2.23,-1.26,-0.09,2.25
通化金马,000766,2019-07-05,7.06,7.0,7.06,6.93,93503,65430895.0,1.84,-0.99,-0.07,1.51
通化金马,000766,2019-07-08,6.97,6.71,6.99,6.6,136342,92184567.0,5.57,-4.14,-0.29,2.21
通化金马,000766,2019-07-09,6.59,6.62,6.69,6.45,138526,91116443.0,3.58,-1.34,-0.09,2.24
通化金马,000766,2019-07-10,6.59,6.55,6.65,6.48,87482,57383508.0,2.57,-1.06,-0.07,1.42
通化金马,000766,2019-07-11,6.58,6.56,6.63,6.52,74631,49106240.0,1.68,0.15,0.01,1.21
通化金马,000766,2019-07-12,6.58,6.21,6.62,6.11,169672,109134838.0,7.77,-5.34,-0.35,2.74
通化金马,000766,2019-07-15,6.2,6.59,6.79,5.7,380214,241400543.0,17.55,6.12,0.38,6.15
通化金马,000766,2019-07-23,6.23,6.83,7.15,6.0,314023,209086080.0,17.45,3.64,0.24,5.08
通化金马,000766,2019-07-24,6.82,6.77,6.92,6.68,187198,127189131.0,3.51,-0.88,-0.06,3.03
通化金马,000766,2019-07-25,6.72,6.57,6.73,6.53,142139,93986543.0,2.95,-2.95,-0.2,2.3
通化金马,000766,2019-07-26,6.58,6.46,6.58,6.41,90698,58814638.0,2.59,-1.67,-0.11,1.47
通化金马,000766,2019-07-29,6.36,6.29,6.49,6.24,91932,58148626.0,3.87,-2.63,-0.17,1.49
通化金马,000766,2019-07-30,6.28,6.42,6.69,6.22,111881,72136991.0,7.47,2.07,0.13,1.81
通化金马,000766,2019-07-31,6.41,6.3,6.42,6.28,63986,40392593.0,2.18,-1.87,-0.12,1.04
通化金马,000766,2019-08-01,6.25,6.18,6.26,6.13,65216,40420355.0,2.06,-1.9,-0.12,1.05
通化金马,000766,2019-08-02,6.09,6.22,6.3,6.02,84381,52211333.0,4.53,0.65,0.04,1.36
通化金马,000766,2019-08-05,6.16,6.09,6.2,6.02,108193,65902651.0,2.89,-2.09,-0.13,1.75
通化金马,000766,2019-08-06,5.97,5.74,5.97,5.6,119557,69218867.0,6.08,-5.75,-0.35,1.93
通化金马,000766,2019-08-07,5.77,5.71,5.85,5.69,49044,28200717.0,2.79,-0.52,-0.03,0.79
通化金马,000766,2019-08-08,5.75,5.71,5.81,5.7,52737,30280140.0,1.93,0.0,0.0,0.75
通化金马,000766,2019-08-09,5.74,5.55,5.76,5.55,64687,36487296.0,3.68,-2.8,-0.16,0.91
通化金马,000766,2019-08-12,5.58,5.74,5.76,5.56,69863,39785041.0,3.6,3.42,0.19,0.99
通化金马,000766,2019-08-13,5.69,5.78,5.89,5.63,68558,39605221.0,4.53,0.7,0.04,0.97
通化金马,000766,2019-08-14,5.85,6.36,6.36,5.83,228301,140874360.0,9.17,10.03,0.58,3.23
通化金马,000766,2019-08-15,6.21,7.0,7.0,6.12,471977,314793392.0,13.84,10.06,0.64,6.68
通化金马,000766,2019-08-16,7.2,6.95,7.55,6.86,655558,473231088.0,9.86,-0.71,-0.05,9.27
通化金马,000766,2019-08-19,6.92,7.07,7.25,6.8,426611,301572576.0,6.47,1.73,0.12,6.03
通化金马,000766,2019-08-20,6.94,6.96,7.12,6.9,279869,195467749.0,3.11,-1.56,-0.11,3.96
通化金马,000766,2019-08-21,7.12,6.87,7.13,6.76,245986,169657875.0,5.32,-1.29,-0.09,3.48
通化金马,000766,2019-08-22,7.0,6.97,7.05,6.85,209415,145521673.0,2.91,1.46,0.1,2.96
通化金马,000766,2019-08-23,6.9,7.05,7.15,6.78,333979,232661340.0,5.31,1.15,0.08,4.72
通化金马,000766,2019-08-26,6.84,7.56,7.76,6.8,601423,440453600.0,13.62,7.23,0.51,8.51
通化金马,000766,2019-08-27,7.6,7.47,7.98,7.43,522747,402680800.0,7.28,-1.19,-0.09,7.39
通化金马,000766,2019-08-28,7.47,7.43,7.69,7.36,333708,251107143.0,4.42,-0.54,-0.04,4.72
通化金马,000766,2019-08-29,7.4,7.9,8.11,7.26,391813,296947536.0,11.44,6.33,0.47,5.54
通化金马,000766,2019-08-30,7.8,7.65,7.96,7.61,264988,206170043.0,4.43,-3.16,-0.25,3.75
通化金马,000766,2019-09-02,7.73,7.88,8.02,7.58,266586,208826572.0,5.75,3.01,0.23,3.77
通化金马,000766,2019-09-03,7.9,7.84,7.95,7.76,142209,111504023.0,2.41,-0.51,-0.04,2.01
通化金马,000766,2019-09-04,7.83,7.74,7.94,7.64,170400,132210600.0,3.83,-1.28,-0.1,2.41
通化金马,000766,2019-09-05,7.74,7.67,7.84,7.64,177201,136898214.0,2.58,-0.9,-0.07,2.51
通化金马,000766,2019-09-06,7.72,7.74,7.77,7.56,137704,105386805.0,2.74,0.91,0.07,1.95
通化金马,000766,2019-09-09,7.8,7.74,7.91,7.68,127824,98966399.0,2.97,0.0,0.0,1.81
通化金马,000766,2019-09-10,7.7,8.11,8.17,7.61,403992,320885584.0,7.24,4.78,0.37,5.71
通化金马,000766,2019-09-11,8.11,7.95,8.25,7.84,298766,239630126.0,5.06,-1.97,-0.16,4.23
通化金马,000766,2019-09-12,7.82,7.87,8.04,7.7,172310,135304216.0,4.28,-1.01,-0.08,2.44
通化金马,000766,2019-09-16,7.89,7.89,8.02,7.8,123614,97528983.0,2.8,0.25,0.02,1.75
通化金马,000766,2019-09-17,7.88,7.64,7.88,7.62,117722,90916684.0,3.3,-3.17,-0.25,1.67
通化金马,000766,2019-09-18,7.65,7.44,7.67,7.37,116346,87295690.0,3.93,-2.62,-0.2,1.65
通化金马,000766,2019-09-19,7.48,7.57,7.6,7.39,82667,62322225.0,2.82,1.75,0.13,1.17
通化金马,000766,2019-09-20,7.49,7.64,7.74,7.48,96481,73735249.0,3.43,0.92,0.07,1.36
通化金马,000766,2019-09-23,7.64,7.45,7.64,7.41,83858,62646722.0,3.01,-2.49,-0.19,1.19
通化金马,000766,2019-09-24,7.45,7.35,7.64,7.3,110707,82446260.0,4.56,-1.34,-0.1,1.57
通化金马,000766,2019-09-25,7.31,7.24,7.35,7.14,81005,58815754.0,2.86,-1.5,-0.11,1.15
通化金马,000766,2019-09-26,7.27,6.83,7.29,6.83,120836,84711055.0,6.35,-5.66,-0.41,1.71
通化金马,000766,2019-09-27,6.87,7.28,7.46,6.87,191615,138843982.0,8.64,6.59,0.45,2.71
通化金马,000766,2019-09-30,7.28,7.1,7.38,7.09,86840,62412900.0,3.98,-2.47,-0.18,1.23
通化金马,000766,2019-10-08,7.1,7.2,7.51,7.1,118008,86251565.0,5.77,1.41,0.1,1.67
通化金马,000766,2019-10-09,7.02,7.28,7.35,7.02,71957,51986165.0,4.58,1.11,0.08,1.02
通化金马,000766,2019-10-10,7.28,7.41,7.47,7.27,89406,66065529.0,2.75,1.79,0.13,1.26
通化金马,000766,2019-10-11,7.4,7.71,7.73,7.38,179411,136264643.0,4.72,4.05,0.3,2.54
通化金马,000766,2019-10-14,7.76,7.66,7.82,7.59,139423,106859192.0,2.98,-0.65,-0.05,1.97
通化金马,000766,2019-10-15,7.68,7.59,7.68,7.53,70155,53187970.0,1.96,-0.91,-0.07,0.99
通化金马,000766,2019-10-16,7.63,7.48,7.63,7.43,76903,57756510.0,2.64,-1.45,-0.11,1.09
通化金马,000766,2019-10-17,7.49,7.49,7.59,7.41,57112,42795848.0,2.41,0.13,0.01,0.81
通化金马,000766,2019-10-18,7.53,7.28,7.55,7.27,79465,58607031.0,3.74,-2.8,-0.21,1.12
通化金马,000766,2019-10-21,7.29,7.15,7.3,7.08,75912,54409394.0,3.02,-1.79,-0.13,1.07
通化金马,000766,2019-10-22,6.99,7.25,7.29,6.98,76431,54955715.0,4.34,1.4,0.1,1.08
通化金马,000766,2019-10-23,7.29,7.12,7.3,7.08,68334,48882195.0,3.03,-1.79,-0.13,0.97
通化金马,000766,2019-10-24,7.17,7.08,7.17,7.01,58171,41105519.0,2.25,-0.56,-0.04,0.82
通化金马,000766,2019-10-25,7.08,7.3,7.4,7.04,125483,91110679.0,5.08,3.11,0.22,1.77
通化金马,000766,2019-10-28,7.2,7.39,7.43,7.18,128683,94646122.0,3.42,1.23,0.09,1.82
通化金马,000766,2019-10-29,7.41,7.47,7.61,7.36,140670,105759329.0,3.38,1.08,0.08,1.99
通化金马,000766,2019-10-30,7.42,7.46,7.59,7.32,79751,59382181.0,3.61,-0.13,-0.01,1.13
通化金马,000766,2019-10-31,7.45,7.82,7.86,7.45,289956,224967923.0,5.5,4.83,0.36,4.1
通化金马,000766,2019-11-01,7.79,7.71,7.8,7.65,147201,113516394.0,1.92,-1.41,-0.11,2.08
通化金马,000766,2019-11-04,8.16,7.7,8.16,7.61,247652,195036101.0,7.13,-0.13,-0.01,3.5
通化金马,000766,2019-11-05,7.7,7.52,7.7,7.47,124781,94155555.0,2.99,-2.34,-0.18,1.76
通化金马,000766,2019-11-06,7.53,7.46,7.64,7.41,83301,62573883.0,3.06,-0.8,-0.06,1.18
通化金马,000766,2019-11-07,7.44,7.54,7.58,7.37,69142,51897383.0,2.82,1.07,0.08,0.98
通化金马,000766,2019-11-08,7.91,7.51,7.93,7.43,214457,164399987.0,6.63,-0.4,-0.03,3.03
通化金马,000766,2019-11-11,7.38,7.21,7.47,7.18,94973,69405770.0,3.86,-3.99,-0.3,1.34
通化金马,000766,2019-11-12,7.24,7.3,7.37,7.1,79437,57512899.0,3.74,1.25,0.09,1.12
通化金马,000766,2019-11-13,7.28,7.22,7.35,7.2,38289,27796340.0,2.05,-1.1,-0.08,0.54
通化金马,000766,2019-11-14,7.24,7.22,7.31,7.13,65366,47249599.0,2.49,0.0,0.0,0.92
通化金马,000766,2019-11-15,7.24,7.18,7.38,7.16,69592,50588439.0,3.05,-0.55,-0.04,0.98
通化金马,000766,2019-11-18,7.18,7.23,7.27,7.14,48070,34759811.0,1.81,0.7,0.05,0.68
通化金马,000766,2019-11-19,7.2,7.26,7.27,7.18,44630,32259520.0,1.24,0.41,0.03,0.63
通化金马,000766,2019-11-20,7.25,7.13,7.26,7.07,62218,44499744.0,2.62,-1.79,-0.13,0.88
通化金马,000766,2019-11-21,7.12,7.32,7.33,7.05,83217,60006587.0,3.93,2.66,0.19,1.18
通化金马,000766,2019-11-22,7.35,7.18,7.35,7.1,58146,42032508.0,3.42,-1.91,-0.14,0.82
通化金马,000766,2019-11-25,7.17,7.19,7.22,7.09,41175,29461620.0,1.81,0.14,0.01,0.58
通化金马,000766,2019-11-26,7.21,7.15,7.22,7.13,40197,28795079.0,1.25,-0.56,-0.04,0.57
通化金马,000766,2019-11-27,7.12,7.1,7.18,7.08,36200,25794760.0,1.4,-0.7,-0.05,0.51
通化金马,000766,2019-11-28,7.09,6.75,7.15,6.6,157318,107509951.0,7.75,-4.93,-0.35,2.23
通化金马,000766,2019-11-29,6.81,6.46,6.81,6.35,155052,100802879.0,6.81,-4.3,-0.29,2.19
通化金马,000766,2019-12-02,6.46,6.37,6.55,6.33,80386,51519818.0,3.41,-1.39,-0.09,1.14
通化金马,000766,2019-12-03,6.32,6.42,6.42,6.2,66146,41644329.0,3.45,0.78,0.05,0.94
通化金马,000766,2019-12-04,6.38,6.42,6.43,6.32,49179,31387201.0,1.71,0.0,0.0,0.7
通化金马,000766,2019-12-05,6.45,6.42,6.5,6.4,50655,32630551.0,1.56,0.0,0.0,0.72
通化金马,000766,2019-12-06,6.42,6.41,6.45,6.37,30814,19742534.0,1.25,-0.16,-0.01,0.44
通化金马,000766,2019-12-09,6.49,6.42,6.49,6.37,46478,29805322.0,1.87,0.16,0.01,0.66
通化金马,000766,2019-12-10,6.44,6.36,6.44,6.3,55050,34936811.0,2.18,-0.93,-0.06,0.78
通化金马,000766,2019-12-11,6.36,6.28,6.36,6.27,58008,36513071.0,1.42,-1.26,-0.08,0.82
通化金马,000766,2019-12-12,6.29,6.29,6.36,6.25,54923,34608493.0,1.75,0.16,0.01,0.78
通化金马,000766,2019-12-13,6.31,6.28,6.33,6.24,74730,46984195.0,1.43,-0.16,-0.01,1.06
通化金马,000766,2019-12-16,6.32,6.32,6.33,6.2,119409,74761983.0,2.07,0.64,0.04,1.69
通化金马,000766,2019-12-17,6.31,6.54,6.61,6.28,198427,128324875.0,5.22,3.48,0.22,2.81
通化金马,000766,2019-12-18,6.57,6.48,6.59,6.44,119773,77914028.0,2.29,-0.92,-0.06,1.69
通化金马,000766,2019-12-19,6.44,6.68,6.75,6.44,171243,113185371.0,4.78,3.09,0.2,2.42
通化金马,000766,2019-12-20,6.66,6.53,6.72,6.52,109734,72325903.0,2.99,-2.25,-0.15,1.55
通化金马,000766,2019-12-23,6.48,6.29,6.5,6.28,88468,56542457.0,3.37,-3.68,-0.24,1.25
通化金马,000766,2019-12-24,6.28,6.33,6.35,6.25,56429,35565799.0,1.59,0.64,0.04,0.8
通化金马,000766,2019-12-25,6.3,6.32,6.33,6.27,52978,33391924.0,0.95,-0.16,-0.01,0.75
通化金马,000766,2019-12-26,6.32,6.32,6.34,6.27,56020,35276625.0,1.11,0.0,0.0,0.79
通化金马,000766,2019-12-27,6.34,6.33,6.45,6.32,79683,50816243.0,2.06,0.16,0.01,1.13
通化金马,000766,2019-12-30,6.5,6.47,6.59,6.43,127938,83112658.0,2.53,2.21,0.14,1.81
通化金马,000766,2019-12-31,6.37,6.54,6.6,6.35,121938,79537048.0,3.86,1.08,0.07,1.72
通化金马,000766,2020-01-02,6.58,6.57,6.63,6.5,111831,73318537.0,1.99,0.46,0.03,1.58
通化金马,000766,2020-01-03,6.55,6.55,6.61,6.47,96918,63259983.0,2.13,-0.3,-0.02,1.37
通化金马,000766,2020-01-06,6.5,6.55,6.59,6.46,112147,73301224.0,1.98,0.0,0.0,1.59
通化金马,000766,2020-01-07,6.55,6.62,6.68,6.55,116319,76768307.0,1.98,1.07,0.07,1.65
通化金马,000766,2020-01-08,6.58,6.49,6.6,6.48,117138,76562200.0,1.81,-1.96,-0.13,1.66
通化金马,000766,2020-01-09,6.53,6.57,6.59,6.52,98074,64315100.0,1.08,1.23,0.08,1.39
通化金马,000766,2020-01-10,6.6,6.54,6.62,6.52,61051,40003554.0,1.52,-0.46,-0.03,0.86
通化金马,000766,2020-01-13,6.56,6.49,6.56,6.44,106904,69219420.0,1.83,-0.76,-0.05,1.51
通化金马,000766,2020-01-14,6.5,6.47,6.57,6.46,109134,71000120.0,1.69,-0.31,-0.02,1.54
通化金马,000766,2020-01-15,6.49,6.33,6.49,6.28,151599,96243511.0,3.25,-2.16,-0.14,2.14
通化金马,000766,2020-01-16,6.32,6.26,6.32,6.25,73823,46269439.0,1.11,-1.11,-0.07,1.04
通化金马,000766,2020-01-17,6.25,6.23,6.29,6.21,65940,41166981.0,1.28,-0.48,-0.03,0.93
通化金马,000766,2020-01-20,6.23,6.34,6.4,6.23,97642,61702736.0,2.73,1.77,0.11,1.38
通化金马,000766,2020-01-21,6.35,6.55,6.65,6.35,348195,227634352.0,4.73,3.31,0.21,4.92
通化金马,000766,2020-01-22,5.9,6.3,6.34,5.9,438681,265509554.0,6.72,-3.82,-0.25,6.2
通化金马,000766,2020-01-23,6.08,6.5,6.51,6.08,321143,202703396.0,6.83,3.17,0.2,4.54
通化金马,000766,2020-02-03,6.21,6.93,7.12,6.2,530917,356898160.0,14.15,6.62,0.43,7.51
通化金马,000766,2020-02-04,6.94,6.83,7.03,6.62,409004,278596336.0,5.92,-1.44,-0.1,5.78
通化金马,000766,2020-02-05,6.78,7.29,7.5,6.65,498957,347409216.0,12.45,6.73,0.46,7.06
通化金马,000766,2020-02-06,7.19,7.3,7.75,7.09,534012,395092832.0,9.05,0.14,0.01,7.55
通化金马,000766,2020-02-07,7.3,6.95,7.39,6.86,380221,269898976.0,7.26,-4.79,-0.35,5.38
通化金马,000766,2020-02-10,6.85,6.77,6.88,6.65,200099,134995233.0,3.31,-2.59,-0.18,2.83
通化金马,000766,2020-02-11,6.7,7.03,7.08,6.65,270456,187234945.0,6.35,3.84,0.26,3.83
通化金马,000766,2020-02-12,6.92,6.92,7.07,6.84,157583,109212407.0,3.27,-1.56,-0.11,2.23
通化金马,000766,2020-02-13,6.9,6.74,6.9,6.7,140206,94918548.0,2.89,-2.6,-0.18,1.98
通化金马,000766,2020-02-14,6.76,6.67,6.84,6.66,96595,64920467.0,2.67,-1.04,-0.07,1.37
通化金马,000766,2020-02-17,6.79,6.96,7.19,6.71,205886,143013523.0,7.2,4.35,0.29,2.91
通化金马,000766,2020-02-18,6.96,6.86,6.97,6.81,138499,95036853.0,2.3,-1.44,-0.1,1.96
通化金马,000766,2020-02-19,6.83,6.78,6.83,6.72,133526,90184800.0,1.6,-1.17,-0.08,1.89
通化金马,000766,2020-02-20,6.76,6.85,6.87,6.71,133445,90904098.0,2.36,1.03,0.07,1.89
通化金马,000766,2020-02-21,6.74,6.77,6.81,6.7,162970,109942884.0,1.61,-1.17,-0.08,2.31
通化金马,000766,2020-02-24,6.77,6.72,6.85,6.71,138903,93806195.0,2.07,-0.74,-0.05,1.96
通化金马,000766,2020-02-25,6.61,6.59,6.73,6.24,191572,126239508.0,7.29,-1.93,-0.13,2.71
通化金马,000766,2020-02-26,6.51,6.47,6.57,6.44,118722,77106048.0,1.97,-1.82,-0.12,1.68
通化金马,000766,2020-02-27,6.47,6.51,6.69,6.43,117676,76938837.0,4.02,0.62,0.04,1.66
通化金马,000766,2020-02-28,6.46,6.26,6.58,6.23,101787,64916129.0,5.38,-3.84,-0.25,1.44
通化金马,000766,2020-03-02,6.28,6.37,6.48,6.28,88920,56607997.0,3.19,1.76,0.11,1.26
通化金马,000766,2020-03-03,6.39,6.42,6.55,6.37,110156,70811504.0,2.83,0.78,0.05,1.56
通化金马,000766,2020-03-04,6.42,6.36,6.43,6.29,74727,47343288.0,2.18,-0.93,-0.06,1.06
通化金马,000766,2020-03-05,6.4,6.39,6.43,6.35,139606,89251862.0,1.26,0.47,0.03,1.97
通化金马,000766,2020-03-06,6.39,6.42,6.57,6.36,111916,71896008.0,3.29,0.47,0.03,1.58
通化金马,000766,2020-03-09,6.41,6.28,6.41,6.24,109742,69196947.0,2.65,-2.18,-0.14,1.55
通化金马,000766,2020-03-10,6.2,6.29,6.33,6.05,124043,76697404.0,4.46,0.16,0.01,1.75
通化金马,000766,2020-03-11,6.3,6.16,6.31,6.15,84046,52311186.0,2.54,-2.07,-0.13,1.19
通化金马,000766,2020-03-12,6.08,6.0,6.13,5.99,98615,59566142.0,2.27,-2.6,-0.16,1.39
通化金马,000766,2020-03-13,5.81,5.92,5.92,5.5,100882,58465075.0,7.0,-1.33,-0.08,1.43
通化金马,000766,2020-03-16,5.96,5.83,6.13,5.8,103403,61879131.0,5.57,-1.52,-0.09,1.46
通化金马,000766,2020-03-17,5.82,5.74,5.92,5.61,66615,38222183.0,5.32,-1.54,-0.09,0.94
通化金马,000766,2020-03-18,5.79,5.65,5.83,5.65,64621,37147326.0,3.14,-1.57,-0.09,0.91
通化金马,000766,2020-03-19,5.59,5.54,5.7,5.41,124712,68879003.0,5.13,-1.95,-0.11,1.76
通化金马,000766,2020-03-20,5.58,5.75,5.79,5.53,107375,60865734.0,4.69,3.79,0.21,1.52
通化金马,000766,2020-03-23,5.63,5.78,5.89,5.63,101854,58854572.0,4.52,0.52,0.03,1.44
通化金马,000766,2020-03-24,5.85,5.75,5.86,5.64,76728,44071369.0,3.81,-0.52,-0.03,1.09
通化金马,000766,2020-03-25,5.82,5.83,5.87,5.75,94346,54971366.0,2.09,1.39,0.08,1.33
通化金马,000766,2020-03-26,5.83,5.85,5.97,5.78,82043,48311212.0,3.26,0.34,0.02,1.16
通化金马,000766,2020-03-27,5.89,5.75,5.92,5.73,59166,34466459.0,3.25,-1.71,-0.1,0.84
通化金马,000766,2020-03-30,5.75,5.62,5.75,5.57,58382,32910904.0,3.13,-2.26,-0.13,0.83
通化金马,000766,2020-03-31,5.65,5.58,5.74,5.55,54170,30549272.0,3.38,-0.71,-0.04,0.77
通化金马,000766,2020-04-01,5.55,5.51,5.58,5.46,55243,30457861.0,2.15,-1.25,-0.07,0.78
通化金马,000766,2020-04-02,5.46,5.54,5.56,5.43,46582,25558723.0,2.36,0.54,0.03,0.66
通化金马,000766,2020-04-03,5.55,5.52,5.64,5.5,41465,23038827.0,2.53,-0.36,-0.02,0.59
通化金马,000766,2020-04-07,5.61,5.71,5.72,5.55,84260,47733990.0,3.08,3.44,0.19,1.19
通化金马,000766,2020-04-08,5.69,5.75,5.78,5.65,67148,38494128.0,2.28,0.7,0.04,0.95
通化金马,000766,2020-04-09,5.76,5.76,5.79,5.72,46952,27063866.0,1.22,0.17,0.01,0.66
通化金马,000766,2020-04-10,5.75,5.9,6.1,5.67,155344,90645916.0,7.47,2.43,0.14,2.2
通化金马,000766,2020-04-13,5.85,5.7,5.86,5.7,103214,59745593.0,2.71,-3.39,-0.2,1.46
通化金马,000766,2020-04-14,5.73,5.75,5.79,5.57,118753,67322521.0,3.86,0.88,0.05,1.68
通化金马,000766,2020-04-15,5.76,6.33,6.33,5.76,219548,136060463.0,9.91,10.09,0.58,3.11
通化金马,000766,2020-04-16,6.5,6.52,6.82,6.33,682031,445857504.0,7.74,3.0,0.19,9.65
通化金马,000766,2020-04-17,6.38,6.12,6.39,6.08,364373,226239151.0,4.75,-6.13,-0.4,5.15
通化金马,000766,2020-04-20,6.05,6.11,6.22,5.97,193237,117867742.0,4.08,-0.16,-0.01,2.73
通化金马,000766,2020-04-21,6.06,5.96,6.07,5.91,164649,98380227.0,2.62,-2.45,-0.15,2.33
通化金马,000766,2020-04-22,5.95,5.98,6.0,5.86,131553,77890075.0,2.35,0.34,0.02,1.86
通化金马,000766,2020-04-23,5.98,5.99,6.2,5.97,176418,106922671.0,3.85,0.17,0.01,2.5
通化金马,000766,2020-04-24,5.9,5.71,5.95,5.67,152538,88102009.0,4.67,-4.67,-0.28,2.16
通化金马,000766,2020-04-27,5.7,5.58,5.7,5.57,108625,60978272.0,2.28,-2.28,-0.13,1.54
通化金马,000766,2020-04-28,5.57,5.62,5.69,5.31,123406,67926729.0,6.81,0.72,0.04,1.75
通化金马,000766,2020-04-29,5.45,5.47,5.63,5.38,100329,54881915.0,4.45,-2.67,-0.15,1.42
通化金马,000766,2020-04-30,5.45,5.46,5.51,5.42,85254,46626523.0,1.65,-0.18,-0.01,1.21
通化金马,000766,2020-05-06,5.41,5.53,5.58,5.4,68071,37436939.0,3.3,1.28,0.07,0.96
通化金马,000766,2020-05-07,5.52,5.57,5.65,5.46,90020,49897770.0,3.44,0.72,0.04,1.27
通化金马,000766,2020-05-08,5.57,5.54,5.6,5.52,50110,27861423.0,1.44,-0.54,-0.03,0.71
通化金马,000766,2020-05-11,5.54,5.49,5.56,5.46,59332,32748854.0,1.81,-0.9,-0.05,0.84
通化金马,000766,2020-05-12,5.49,5.46,5.58,5.43,70371,38617459.0,2.73,-0.55,-0.03,1.0
通化金马,000766,2020-05-13,5.45,5.46,5.49,5.42,35412,19316015.0,1.28,0.0,0.0,0.5
通化金马,000766,2020-05-14,5.43,5.44,5.49,5.3,83588,45231377.0,3.48,-0.37,-0.02,1.18
通化金马,000766,2020-05-15,5.44,5.35,5.48,5.34,58047,31247206.0,2.57,-1.65,-0.09,0.82
通化金马,000766,2020-05-18,5.35,5.24,5.35,5.23,62604,32984191.0,2.24,-2.06,-0.11,0.89
通化金马,000766,2020-05-19,5.3,5.29,5.38,5.27,39199,20838725.0,2.1,0.95,0.05,0.55
通化金马,000766,2020-05-20,5.26,5.25,5.32,5.22,39737,20888960.0,1.89,-0.76,-0.04,0.56
通化金马,000766,2020-05-21,5.21,5.03,5.25,4.81,130369,65555606.0,8.38,-4.19,-0.22,1.84
通化金马,000766,2020-05-22,4.97,4.85,5.04,4.83,76501,37544020.0,4.17,-3.58,-0.18,1.08
通化金马,000766,2020-05-25,4.84,4.86,4.92,4.8,37904,18434377.0,2.47,0.21,0.01,0.54
通化金马,000766,2020-05-26,4.86,4.9,4.95,4.84,36356,17834287.0,2.26,0.82,0.04,0.51
通化金马,000766,2020-05-27,4.88,4.86,4.92,4.82,39373,19136652.0,2.04,-0.82,-0.04,0.56
通化金马,000766,2020-05-28,4.88,4.84,4.91,4.8,34397,16659218.0,2.26,-0.41,-0.02,0.49
通化金马,000766,2020-05-29,4.82,4.93,4.96,4.8,47317,23152800.0,3.31,1.86,0.09,0.67
通化金马,000766,2020-06-01,4.93,5.03,5.06,4.92,49062,24544334.0,2.84,2.03,0.1,0.69
通化金马,000766,2020-06-02,5.02,5.11,5.15,5.01,66541,33949489.0,2.78,1.59,0.08,0.94
通化金马,000766,2020-06-03,5.13,5.09,5.35,5.08,80085,41359895.0,5.28,-0.39,-0.02,1.13
通化金马,000766,2020-06-04,5.09,5.0,5.13,4.98,54611,27486506.0,2.95,-1.77,-0.09,0.77
通化金马,000766,2020-06-05,4.99,4.99,5.03,4.95,36987,18449042.0,1.6,-0.2,-0.01,0.52
通化金马,000766,2020-06-08,5.04,4.96,5.05,4.92,37414,18625450.0,2.61,-0.6,-0.03,0.53
通化金马,000766,2020-06-09,4.95,4.96,5.09,4.92,90060,44979124.0,3.43,0.0,0.0,1.27
通化金马,000766,2020-06-10,4.96,4.89,4.98,4.86,64361,31462914.0,2.42,-1.41,-0.07,0.91
通化金马,000766,2020-06-11,4.86,4.83,4.89,4.82,57048,27624493.0,1.43,-1.23,-0.06,0.81
通化金马,000766,2020-06-12,4.77,4.79,4.8,4.73,85803,40838761.0,1.45,-0.83,-0.04,1.21
通化金马,000766,2020-06-15,4.79,4.9,4.93,4.76,86247,41982792.0,3.55,2.3,0.11,1.22
通化金马,000766,2020-06-16,4.9,4.93,4.95,4.84,75000,36762816.0,2.24,0.61,0.03,1.06
通化金马,000766,2020-06-17,4.92,5.03,5.05,4.91,85292,42710031.0,2.84,2.03,0.1,1.21
通化金马,000766,2020-06-18,5.03,4.92,5.04,4.88,73004,35983486.0,3.18,-2.19,-0.11,1.03
通化金马,000766,2020-06-19,4.92,4.97,5.0,4.86,50857,25217462.0,2.85,1.02,0.05,0.72
通化金马,000766,2020-06-22,5.01,4.97,5.08,4.94,70562,35197428.0,2.82,0.0,0.0,1.0
通化金马,000766,2020-06-23,4.98,4.89,5.0,4.88,58916,29075293.0,2.41,-1.61,-0.08,0.83
通化金马,000766,2020-06-24,4.93,4.83,4.93,4.81,65521,31690864.0,2.45,-1.23,-0.06,0.93
通化金马,000766,2020-06-29,4.82,4.81,4.88,4.79,44382,21385725.0,1.86,-0.41,-0.02,0.63
通化金马,000766,2020-06-30,4.82,4.82,4.83,4.78,31778,15303110.0,1.04,0.21,0.01,0.45
通化金马,000766,2020-07-01,4.82,4.77,4.83,4.74,59628,28405133.0,1.87,-1.04,-0.05,0.84
通化金马,000766,2020-07-02,4.79,4.84,4.85,4.73,51454,24744795.0,2.52,1.47,0.07,0.73
通化金马,000766,2020-07-03,4.84,4.91,4.93,4.83,76864,37597797.0,2.07,1.45,0.07,1.09
通化金马,000766,2020-07-06,4.93,5.08,5.1,4.92,126087,63621477.0,3.67,3.46,0.17,1.78
通化金马,000766,2020-07-07,5.21,5.11,5.22,5.07,154016,79086394.0,2.95,0.59,0.03,2.18
通化金马,000766,2020-07-08,5.1,5.15,5.18,5.05,120777,61956898.0,2.54,0.78,0.04,1.71
通化金马,000766,2020-07-09,5.2,5.34,5.37,5.16,205759,108650851.0,4.08,3.69,0.19,2.91
通化金马,000766,2020-07-10,5.31,5.2,5.4,5.19,154952,81762898.0,3.93,-2.62,-0.14,2.19
通化金马,000766,2020-07-13,5.19,5.35,5.37,5.18,159118,84352680.0,3.65,2.88,0.15,2.25
通化金马,000766,2020-07-14,5.4,5.42,5.43,5.23,180949,96517389.0,3.74,1.31,0.07,2.56
通化金马,000766,2020-07-15,5.36,5.2,5.48,5.14,206725,109378959.0,6.27,-4.06,-0.22,2.92
通化金马,000766,2020-07-16,5.19,5.0,5.23,4.95,136272,69338031.0,5.38,-3.85,-0.2,1.93
通化金马,000766,2020-07-17,5.02,4.98,5.06,4.9,65594,32546867.0,3.2,-0.4,-0.02,0.93
通化金马,000766,2020-07-20,5.0,5.05,5.07,4.96,111744,56163935.0,2.21,1.41,0.07,1.58
通化金马,000766,2020-07-21,5.08,5.13,5.23,5.04,111899,57174044.0,3.76,1.58,0.08,1.58
通化金马,000766,2020-07-22,5.1,5.12,5.17,5.08,106422,54551552.0,1.75,-0.19,-0.01,1.51
通化金马,000766,2020-07-23,5.08,5.02,5.1,4.89,107935,53885385.0,4.1,-1.95,-0.1,1.53
通化金马,000766,2020-07-24,5.04,4.86,5.14,4.85,129292,64654888.0,5.78,-3.19,-0.16,1.83
通化金马,000766,2020-07-27,4.9,4.89,4.93,4.82,55030,26795946.0,2.26,0.62,0.03,0.78
通化金马,000766,2020-07-28,4.87,4.89,4.95,4.85,57578,28150164.0,2.04,0.0,0.0,0.81
通化金马,000766,2020-07-29,4.87,5.18,5.23,4.86,194927,99280114.0,7.57,5.93,0.29,2.76
通化金马,000766,2020-07-30,5.19,5.16,5.35,5.13,250104,131125884.0,4.25,-0.39,-0.02,3.54
通化金马,000766,2020-07-31,5.15,5.28,5.33,5.06,202942,105515459.0,5.23,2.33,0.12,2.87
通化金马,000766,2020-08-03,5.27,5.33,5.38,5.24,222801,118248445.0,2.65,0.95,0.05,3.15
通化金马,000766,2020-08-04,5.34,5.29,5.4,5.21,155668,82025377.0,3.56,-0.75,-0.04,2.2
通化金马,000766,2020-08-05,5.29,5.3,5.45,5.22,234475,124888675.0,4.35,0.19,0.01,3.32
通化金马,000766,2020-08-06,5.3,5.22,5.34,5.14,161460,84285632.0,3.77,-1.51,-0.08,2.28
通化金马,000766,2020-08-07,5.23,5.14,5.3,5.06,129864,66958406.0,4.6,-1.53,-0.08,1.84
通化金马,000766,2020-08-10,5.1,5.19,5.23,5.06,94522,48721503.0,3.31,0.97,0.05,1.34
通化金马,000766,2020-08-11,5.18,5.13,5.21,5.07,108344,55605283.0,2.7,-1.16,-0.06,1.53
通化金马,000766,2020-08-12,5.14,5.05,5.14,4.94,104509,52325331.0,3.9,-1.56,-0.08,1.48
通化金马,000766,2020-08-13,5.05,5.12,5.17,5.03,95895,48926064.0,2.77,1.39,0.07,1.36
通化金马,000766,2020-08-14,5.16,5.2,5.22,5.05,128931,66308728.0,3.32,1.56,0.08,1.82
通化金马,000766,2020-08-17,5.28,5.29,5.3,5.22,214895,113063588.0,1.54,1.73,0.09,3.04
通化金马,000766,2020-08-18,5.31,5.28,5.38,5.26,177036,93982037.0,2.27,-0.19,-0.01,2.5
通化金马,000766,2020-08-19,5.26,5.26,5.35,5.2,129825,68414652.0,2.84,-0.38,-0.02,1.84
通化金马,000766,2020-08-20,5.24,5.25,5.33,5.16,98432,51731186.0,3.23,-0.19,-0.01,1.39
通化金马,000766,2020-08-21,5.26,5.19,5.28,5.17,96364,50219034.0,2.1,-1.14,-0.06,1.36
通化金马,000766,2020-08-24,5.21,5.18,5.22,5.08,70190,36103171.0,2.7,-0.19,-0.01,0.99
通化金马,000766,2020-08-25,5.18,5.18,5.19,5.1,72047,37089887.0,1.74,0.0,0.0,1.02
通化金马,000766,2020-08-26,5.15,5.15,5.25,5.09,72085,37092881.0,3.09,-0.58,-0.03,1.02
通化金马,000766,2020-08-27,5.12,5.13,5.15,5.06,81439,41594072.0,1.75,-0.39,-0.02,1.15
通化金马,000766,2020-08-28,5.12,5.3,5.3,5.1,198869,103975909.0,3.9,3.31,0.17,2.81
通化金马,000766,2020-08-31,5.37,5.34,5.44,5.28,265466,142333959.0,3.02,0.75,0.04,3.75
通化金马,000766,2020-09-01,5.31,5.25,5.36,5.2,139361,73230734.0,3.0,-1.69,-0.09,1.97
通化金马,000766,2020-09-02,5.24,5.39,5.42,5.24,197778,105806757.0,3.43,2.67,0.14,2.8
通化金马,000766,2020-09-03,5.43,5.58,5.78,5.33,373465,207678270.0,8.35,3.53,0.19,5.28
通化金马,000766,2020-09-04,5.48,5.47,5.62,5.38,233906,127853718.0,4.3,-1.97,-0.11,3.31
通化金马,000766,2020-09-07,5.45,5.51,5.6,5.4,193521,106272414.0,3.66,0.73,0.04,2.74
通化金马,000766,2020-09-08,5.48,5.45,5.57,5.36,163069,88307277.0,3.81,-1.09,-0.06,2.31
通化金马,000766,2020-09-09,5.4,5.41,5.53,5.34,167219,90717410.0,3.49,-0.73,-0.04,2.37
通化金马,000766,2020-09-10,5.46,4.93,5.47,4.87,259054,133439825.0,11.09,-8.87,-0.48,3.66
通化金马,000766,2020-09-11,4.9,4.85,4.98,4.76,156228,75600261.0,4.46,-1.62,-0.08,2.21
通化金马,000766,2020-09-14,4.83,4.9,4.96,4.82,79601,38894973.0,2.89,1.03,0.05,1.13
通化金马,000766,2020-09-15,4.89,4.9,5.03,4.85,70133,34374712.0,3.67,0.0,0.0,0.99
通化金马,000766,2020-09-16,4.92,4.85,4.92,4.8,71046,34340886.0,2.45,-1.02,-0.05,1.0
通化金马,000766,2020-09-17,4.83,4.83,4.85,4.78,51004,24530102.0,1.44,-0.41,-0.02,0.72
通化金马,000766,2020-09-18,4.82,4.88,4.88,4.76,79579,38319545.0,2.48,1.04,0.05,1.13
通化金马,000766,2020-09-21,4.87,4.84,4.88,4.81,65064,31547121.0,1.43,-0.82,-0.04,0.92
通化金马,000766,2020-09-22,4.82,4.79,4.87,4.78,59652,28706830.0,1.86,-1.03,-0.05,0.84
通化金马,000766,2020-09-23,4.79,4.78,4.83,4.78,40671,19499947.0,1.04,-0.21,-0.01,0.58
通化金马,000766,2020-09-24,4.76,4.62,4.78,4.6,100881,47168838.0,3.77,-3.35,-0.16,1.43
通化金马,000766,2020-09-25,4.63,4.6,4.66,4.56,46040,21205889.0,2.16,-0.43,-0.02,0.65
通化金马,000766,2020-09-28,4.62,4.57,4.65,4.5,81780,37475803.0,3.26,-0.65,-0.03,1.16
通化金马,000766,2020-09-29,4.55,4.58,4.62,4.51,64316,29466681.0,2.41,0.22,0.01,0.91
通化金马,000766,2020-09-30,4.59,4.56,4.6,4.53,42860,19538244.0,1.53,-0.44,-0.02,0.61
通化金马,000766,2020-10-09,4.6,4.63,4.66,4.59,51499,23831065.0,1.54,1.54,0.07,0.73
通化金马,000766,2020-10-12,4.63,4.71,4.71,4.63,57716,27006687.0,1.73,1.73,0.08,0.82
通化金马,000766,2020-10-13,4.68,4.65,4.74,4.64,55251,25806830.0,2.12,-1.27,-0.06,0.78
通化金马,000766,2020-10-14,4.66,4.54,4.67,4.54,70834,32537252.0,2.8,-2.37,-0.11,1.0
通化金马,000766,2020-10-15,4.52,4.26,4.54,4.21,177286,76104861.0,7.27,-6.17,-0.28,2.51
通化金马,000766,2020-10-16,4.21,4.26,4.27,4.16,87617,36950040.0,2.58,0.0,0.0,1.24
通化金马,000766,2020-10-19,4.26,4.29,4.48,4.26,70249,30301256.0,5.16,0.7,0.03,0.99
通化金马,000766,2020-10-20,4.3,4.26,4.3,4.23,49492,21102674.0,1.63,-0.7,-0.03,0.7
通化金马,000766,2020-10-21,4.27,4.2,4.27,4.16,53925,22654497.0,2.58,-1.41,-0.06,0.76
通化金马,000766,2020-10-22,4.18,4.2,4.22,4.11,59248,24557822.0,2.62,0.0,0.0,0.84
通化金马,000766,2020-10-23,4.17,4.07,4.19,4.06,61827,25395277.0,3.1,-3.1,-0.13,0.87
通化金马,000766,2020-10-26,4.07,4.04,4.09,4.02,34151,13810343.0,1.72,-0.74,-0.03,0.48
通化金马,000766,2020-10-27,4.02,3.88,4.06,3.78,130673,50929753.0,6.93,-3.96,-0.16,1.85
通化金马,000766,2020-10-28,3.87,3.9,3.93,3.77,84771,32657750.0,4.12,0.52,0.02,1.2
通化金马,000766,2020-10-29,3.85,3.87,4.0,3.83,93018,36046373.0,4.36,-0.77,-0.03,1.32
通化金马,000766,2020-10-30,3.86,3.68,3.86,3.65,111971,41803179.0,5.43,-4.91,-0.19,1.58
通化金马,000766,2020-11-02,3.65,3.7,3.74,3.5,165804,59769558.0,6.52,0.54,0.02,2.35
通化金马,000766,2020-11-03,3.69,3.72,3.8,3.68,118023,43992760.0,3.24,0.54,0.02,1.67
通化金马,000766,2020-11-04,3.73,3.62,3.74,3.6,116382,42309084.0,3.76,-2.69,-0.1,1.65
通化金马,000766,2020-11-05,3.67,3.78,3.85,3.62,221342,83005749.0,6.35,4.42,0.16,3.13
通化金马,000766,2020-11-06,3.77,3.69,3.77,3.63,116459,42859970.0,3.7,-2.38,-0.09,1.65
通化金马,000766,2020-11-09,3.69,3.8,3.95,3.69,191619,73237530.0,7.05,2.98,0.11,2.71
通化金马,000766,2020-11-10,3.83,3.73,3.85,3.72,121841,46017987.0,3.42,-1.84,-0.07,1.72
通化金马,000766,2020-11-11,3.77,3.7,3.77,3.65,93687,34491695.0,3.22,-0.8,-0.03,1.33
通化金马,000766,2020-11-12,3.68,3.65,3.72,3.64,66147,24262560.0,2.16,-1.35,-0.05,0.94
通化金马,000766,2020-11-13,3.66,3.64,3.7,3.61,53736,19592951.0,2.47,-0.27,-0.01,0.76
通化金马,000766,2020-11-16,3.66,3.68,3.72,3.65,79867,29394088.0,1.92,1.1,0.04,1.13
通化金马,000766,2020-11-17,3.69,3.63,3.7,3.61,83116,30189987.0,2.45,-1.36,-0.05,1.18
通化金马,000766,2020-11-18,3.63,3.66,3.72,3.6,95287,34884714.0,3.31,0.83,0.03,1.35
通化金马,000766,2020-11-19,3.66,3.63,3.67,3.62,65987,24013122.0,1.37,-0.82,-0.03,0.93
通化金马,000766,2020-11-20,3.63,3.64,3.66,3.61,64647,23489388.0,1.38,0.28,0.01,0.91
通化金马,000766,2020-11-23,3.65,3.6,3.67,3.57,126601,45707552.0,2.75,-1.1,-0.04,1.79
通化金马,000766,2020-11-24,3.62,3.6,3.66,3.56,108808,39309199.0,2.78,0.0,0.0,1.54
通化金马,000766,2020-11-25,3.63,3.96,3.96,3.57,261964,98674126.0,10.83,10.0,0.36,3.71
通化金马,000766,2020-11-26,4.05,3.86,4.07,3.83,471540,185443808.0,6.06,-2.53,-0.1,6.67
通化金马,000766,2020-11-27,3.8,4.15,4.21,3.77,529435,213343547.0,11.4,7.51,0.29,7.49
通化金马,000766,2020-11-30,4.03,4.02,4.17,3.99,326821,132648678.0,4.34,-3.13,-0.13,4.62
通化金马,000766,2020-12-01,4.0,4.03,4.16,3.96,214377,86837434.0,4.98,0.25,0.01,3.03
通化金马,000766,2020-12-02,3.98,3.9,4.0,3.9,195853,77005172.0,2.48,-3.23,-0.13,2.77
通化金马,000766,2020-12-03,3.94,4.29,4.29,3.9,334164,138579709.0,10.0,10.0,0.39,4.73
通化金马,000766,2020-12-04,4.72,4.72,4.72,4.72,61353,28958592.0,0.0,10.02,0.43,0.87
通化金马,000766,2020-12-07,5.19,4.94,5.19,4.43,1109882,553974192.0,16.1,4.66,0.22,15.7
通化金马,000766,2020-12-08,4.45,4.45,4.69,4.45,391246,175830399.0,4.86,-9.92,-0.49,5.53
通化金马,000766,2020-12-09,4.08,4.18,4.47,4.01,677254,282397264.0,10.34,-6.07,-0.27,9.58
通化金马,000766,2020-12-10,4.09,3.99,4.14,3.92,434780,174515708.0,5.26,-4.55,-0.19,6.15
通化金马,000766,2020-12-11,3.92,3.73,3.98,3.72,347642,132455262.0,6.52,-6.52,-0.26,4.92
通化金马,000766,2020-12-14,3.63,3.75,3.83,3.6,253810,94132837.0,6.17,0.54,0.02,3.59
通化金马,000766,2020-12-15,3.69,3.66,3.74,3.64,170894,62762343.0,2.67,-2.4,-0.09,2.42
通化金马,000766,2020-12-16,3.65,3.56,3.69,3.54,179350,64936704.0,4.1,-2.73,-0.1,2.54
通化金马,000766,2020-12-17,3.56,3.72,3.78,3.54,259613,95754786.0,6.74,4.49,0.16,3.67
通化金马,000766,2020-12-18,3.72,3.62,3.72,3.61,173634,63300761.0,2.96,-2.69,-0.1,2.46
通化金马,000766,2020-12-21,3.66,3.64,3.66,3.55,122972,44388772.0,3.04,0.55,0.02,1.74
通化金马,000766,2020-12-22,3.64,3.57,3.69,3.56,159611,57857820.0,3.57,-1.92,-0.07,2.26
通化金马,000766,2020-12-23,3.55,3.43,3.57,3.4,209069,72178503.0,4.76,-3.92,-0.14,2.96
通化金马,000766,2020-12-24,3.41,3.27,3.44,3.25,178145,58895943.0,5.54,-4.66,-0.16,2.52
通化金马,000766,2020-12-25,3.23,3.27,3.33,3.19,105085,34449155.0,4.28,0.0,0.0,1.49
通化金马,000766,2020-12-28,3.31,3.19,3.31,3.19,114883,36952505.0,3.67,-2.45,-0.08,1.62
通化金马,000766,2020-12-29,3.11,3.21,3.27,3.11,110057,35434522.0,5.02,0.63,0.02,1.56
通化金马,000766,2020-12-30,3.23,3.19,3.23,3.17,88428,28258763.0,1.87,-0.62,-0.02,1.25
通化金马,000766,2020-12-31,3.25,3.26,3.36,3.23,140393,45912038.0,4.08,2.19,0.07,1.99
通化金马,000766,2021-01-04,3.22,3.28,3.28,3.17,102548,33125025.0,3.37,0.61,0.02,1.45
通化金马,000766,2021-01-05,3.29,3.23,3.31,3.19,98837,31995902.0,3.66,-1.52,-0.05,1.4
通化金马,000766,2021-01-06,3.24,3.19,3.24,3.15,90313,28663039.0,2.79,-1.24,-0.04,1.28
通化金马,000766,2021-01-07,3.23,3.22,3.35,3.17,153235,49619298.0,5.64,0.94,0.03,2.17
通化金马,000766,2021-01-08,3.15,3.13,3.16,3.03,111846,34789200.0,4.04,-2.8,-0.09,1.58
通化金马,000766,2021-01-11,3.13,3.0,3.14,3.0,115586,35083223.0,4.47,-4.15,-0.13,1.63
通化金马,000766,2021-01-12,2.99,2.96,3.03,2.93,65744,19584383.0,3.33,-1.33,-0.04,0.93
通化金马,000766,2021-01-13,2.94,2.86,2.95,2.82,104646,30174483.0,4.39,-3.38,-0.1,1.48
通化金马,000766,2021-01-14,2.86,3.15,3.15,2.78,143624,42576602.0,12.94,10.14,0.29,2.03
通化金马,000766,2021-01-15,3.15,3.34,3.46,3.1,332690,109188337.0,11.43,6.03,0.19,4.71
通化金马,000766,2021-01-18,3.22,3.21,3.27,3.15,197796,63447814.0,3.59,-3.89,-0.13,2.8
通化金马,000766,2021-01-19,3.2,3.26,3.36,3.13,180748,59176111.0,7.17,1.56,0.05,2.56
通化金马,000766,2021-01-20,3.25,3.22,3.33,3.18,112731,36392379.0,4.6,-1.23,-0.04,1.59
通化金马,000766,2021-01-21,3.22,3.23,3.28,3.18,98898,31920074.0,3.11,0.31,0.01,1.4
通化金马,000766,2021-01-22,3.21,3.25,3.38,3.16,128992,42050319.0,6.81,0.62,0.02,1.82
通化金马,000766,2021-01-25,3.18,3.2,3.29,3.13,101214,32283183.0,4.92,-1.54,-0.05,1.43
通化金马,000766,2021-01-26,3.15,3.02,3.16,2.99,116800,35720486.0,5.31,-5.63,-0.18,1.65
通化金马,000766,2021-01-27,3.16,3.05,3.19,3.04,78267,24184292.0,4.97,0.99,0.03,1.11
通化金马,000766,2021-01-28,2.9,3.06,3.07,2.89,70429,21186599.0,5.9,0.33,0.01,1.0
通化金马,000766,2021-01-29,3.03,3.01,3.08,2.97,66965,20139720.0,3.59,-1.63,-0.05,0.95
通化金马,000766,2021-02-01,2.9,3.31,3.31,2.9,170772,54475635.0,13.62,9.97,0.3,2.42
通化金马,000766,2021-02-02,3.31,3.28,3.39,3.24,183653,60561349.0,4.53,-0.91,-0.03,2.6
通化金马,000766,2021-02-03,3.26,3.35,3.46,3.2,165780,55237027.0,7.93,2.13,0.07,2.34
通化金马,000766,2021-02-04,3.35,3.51,3.69,3.33,277887,98043650.0,10.75,4.78,0.16,3.93
通化金马,000766,2021-02-05,3.49,3.5,3.65,3.43,177839,62476860.0,6.27,-0.28,-0.01,2.52
通化金马,000766,2021-02-08,3.45,3.44,3.55,3.43,98258,34020369.0,3.43,-1.71,-0.06,1.39
通化金马,000766,2021-02-09,3.43,3.63,3.66,3.4,157339,56200170.0,7.56,5.52,0.19,2.23
通化金马,000766,2021-02-10,3.59,3.57,3.72,3.53,119833,43182910.0,5.23,-1.65,-0.06,1.69
通化金马,000766,2021-02-18,3.6,3.77,3.77,3.59,147581,54431746.0,5.04,5.6,0.2,2.09
通化金马,000766,2021-02-19,3.73,3.79,3.87,3.73,129289,49064103.0,3.71,0.53,0.02,1.83
通化金马,000766,2021-02-22,3.78,3.75,3.83,3.72,136724,51576438.0,2.9,-1.06,-0.04,1.93
通化金马,000766,2021-02-23,3.71,3.69,3.79,3.58,128965,47314443.0,5.6,-1.6,-0.06,1.82
通化金马,000766,2021-02-24,3.68,3.69,3.71,3.61,76946,28120138.0,2.71,0.0,0.0,1.09
通化金马,000766,2021-02-25,3.74,3.67,3.74,3.63,54331,19949365.0,2.98,-0.54,-0.02,0.77
通化金马,000766,2021-02-26,3.62,3.64,3.71,3.59,54074,19774884.0,3.27,-0.82,-0.03,0.76
通化金马,000766,2021-03-01,3.64,3.84,3.96,3.61,126154,47843895.0,9.62,5.49,0.2,1.78
通化金马,000766,2021-03-02,3.83,3.9,3.99,3.73,122979,47753990.0,6.77,1.56,0.06,1.74
通化金马,000766,2021-03-03,3.88,4.18,4.18,3.84,239899,97398267.0,8.72,7.18,0.28,3.39
通化金马,000766,2021-03-04,4.13,4.14,4.31,4.09,179614,74821396.0,5.26,-0.96,-0.04,2.54
通化金马,000766,2021-03-05,4.1,4.12,4.21,4.07,111700,46338198.0,3.38,-0.48,-0.02,1.58
通化金马,000766,2021-03-08,4.11,4.24,4.36,4.09,126379,52825968.0,6.55,2.91,0.12,1.79
通化金马,000766,2021-03-09,4.2,4.26,4.38,3.97,207681,87690797.0,9.67,0.47,0.02,2.94
通化金马,000766,2021-03-10,4.31,4.26,4.33,4.22,85489,36507404.0,2.58,0.0,0.0,1.21
通化金马,000766,2021-03-11,4.2,4.16,4.27,4.1,118521,49618191.0,3.99,-2.35,-0.1,1.68
通化金马,000766,2021-03-12,4.16,4.21,4.23,4.07,70406,29270260.0,3.85,1.2,0.05,1.0
通化金马,000766,2021-03-15,4.21,4.03,4.27,4.02,73257,30265754.0,5.94,-4.28,-0.18,1.04
通化金马,000766,2021-03-16,4.09,4.13,4.24,4.06,80247,33274950.0,4.47,2.48,0.1,1.14
通化金马,000766,2021-03-17,4.13,4.08,4.21,4.06,55637,22846169.0,3.63,-1.21,-0.05,0.79
通化金马,000766,2021-03-18,4.11,4.04,4.12,4.03,49433,20029993.0,2.21,-0.98,-0.04,0.7
通化金马,000766,2021-03-19,4.06,4.08,4.09,4.0,48739,19764352.0,2.23,0.99,0.04,0.69
通化金马,000766,2021-03-22,4.07,4.05,4.12,4.04,50834,20741609.0,1.96,-0.74,-0.03,0.72
通化金马,000766,2021-03-23,4.03,3.78,4.05,3.76,97566,37767735.0,7.16,-6.67,-0.27,1.38
通化金马,000766,2021-03-24,3.72,3.79,3.82,3.72,33938,12856929.0,2.65,0.26,0.01,0.48
通化金马,000766,2021-03-25,3.72,3.63,3.78,3.62,70753,26059248.0,4.22,-4.22,-0.16,1.0
通化金马,000766,2021-03-26,3.65,3.79,3.8,3.61,65731,24288543.0,5.23,4.41,0.16,0.93
通化金马,000766,2021-03-29,3.78,3.73,3.84,3.69,37536,14109240.0,3.96,-1.58,-0.06,0.53
通化金马,000766,2021-03-30,3.72,3.71,3.77,3.69,25237,9378650.0,2.14,-0.54,-0.02,0.36
通化金马,000766,2021-03-31,3.71,3.82,3.86,3.69,40300,15267157.0,4.58,2.96,0.11,0.57
通化金马,000766,2021-04-01,3.78,3.91,3.97,3.76,62617,24397493.0,5.5,2.36,0.09,0.89
通化金马,000766,2021-04-02,3.92,3.79,3.92,3.77,45870,17592281.0,3.84,-3.07,-0.12,0.65
通化金马,000766,2021-04-06,3.76,3.85,3.88,3.76,24711,9459626.0,3.17,1.58,0.06,0.35
通化金马,000766,2021-04-07,3.84,3.9,3.93,3.8,28592,11103195.0,3.38,1.3,0.05,0.4
通化金马,000766,2021-04-08,3.86,3.77,3.88,3.76,35656,13590929.0,3.08,-3.33,-0.13,0.5
通化金马,000766,2021-04-09,3.75,3.9,3.91,3.74,43516,16703771.0,4.51,3.45,0.13,0.62
通化金马,000766,2021-04-12,3.87,3.79,3.9,3.78,35370,13550144.0,3.08,-2.82,-0.11,0.5
通化金马,000766,2021-04-13,3.77,3.78,3.82,3.73,20498,7728282.0,2.37,-0.26,-0.01,0.29
通化金马,000766,2021-04-14,3.76,3.99,4.16,3.72,116986,47076457.0,11.64,5.56,0.21,1.65
通化金马,000766,2021-04-15,3.86,4.12,4.18,3.84,178667,72736063.0,8.52,3.26,0.13,2.53
通化金马,000766,2021-04-16,4.07,4.09,4.16,4.04,101444,41445644.0,2.91,-0.73,-0.03,1.43
通化金马,000766,2021-04-19,4.02,4.11,4.12,4.01,64709,26362221.0,2.69,0.49,0.02,0.92
通化金马,000766,2021-04-20,4.1,4.0,4.12,3.99,61519,24865188.0,3.16,-2.68,-0.11,0.87
通化金马,000766,2021-04-21,3.99,4.25,4.37,3.96,175459,73827339.0,10.25,6.25,0.25,2.48
通化金马,000766,2021-04-22,4.26,4.23,4.37,4.17,113536,48358403.0,4.71,-0.47,-0.02,1.61
通化金马,000766,2021-04-23,4.2,4.1,4.29,4.08,89394,37263241.0,4.96,-3.07,-0.13,1.26
通化金马,000766,2021-04-26,4.09,4.08,4.22,4.07,89099,37006822.0,3.66,-0.49,-0.02,1.26
通化金马,000766,2021-04-27,4.07,4.39,4.43,4.01,218757,94186847.0,10.29,7.6,0.31,3.09
通化金马,000766,2021-04-28,4.32,4.36,4.42,4.26,167651,72863254.0,3.64,-0.68,-0.03,2.37
通化金马,000766,2021-04-29,4.35,4.61,4.72,4.29,251651,114196791.0,9.86,5.73,0.25,3.56
通化金马,000766,2021-04-30,4.53,4.61,4.67,4.47,204605,93617790.0,4.34,0.0,0.0,2.89
通化金马,000766,2021-05-06,4.61,4.55,4.86,4.5,220140,102505496.0,7.81,-1.3,-0.06,3.11
通化金马,000766,2021-05-07,4.5,4.28,4.54,4.25,186229,81573295.0,6.37,-5.93,-0.27,2.63
通化金马,000766,2021-05-10,4.31,4.71,4.71,4.31,204413,94433002.0,9.35,10.05,0.43,2.89
通化金马,000766,2021-05-11,4.79,4.9,5.07,4.66,448294,217362602.0,8.7,4.03,0.19,6.34
通化金马,000766,2021-05-12,4.82,5.02,5.03,4.73,309750,151725934.0,6.12,2.45,0.12,4.38
通化金马,000766,2021-05-13,4.94,4.93,5.12,4.91,278521,139394156.0,4.18,-1.79,-0.09,3.94
通化金马,000766,2021-05-14,4.9,4.83,5.02,4.81,188892,92322799.0,4.26,-2.03,-0.1,2.67
通化金马,000766,2021-05-17,4.83,4.83,4.94,4.81,136409,66366843.0,2.69,0.0,0.0,1.93
通化金马,000766,2021-05-18,4.87,4.8,4.87,4.68,119538,56778689.0,3.93,-0.62,-0.03,1.69
通化金马,000766,2021-05-19,4.76,4.71,4.9,4.7,108620,51840276.0,4.17,-1.88,-0.09,1.54
通化金马,000766,2021-05-20,4.68,4.61,4.77,4.57,101850,47208621.0,4.25,-2.12,-0.1,1.44
通化金马,000766,2021-05-21,4.57,4.67,4.75,4.53,105353,48948395.0,4.77,1.3,0.06,1.49
通化金马,000766,2021-05-24,4.62,4.83,4.86,4.6,118817,56713955.0,5.57,3.43,0.16,1.68
通化金马,000766,2021-05-25,4.83,4.74,4.87,4.72,78178,37233501.0,3.11,-1.86,-0.09,1.11
通化金马,000766,2021-05-26,4.73,4.71,4.79,4.66,83998,39636039.0,2.74,-0.63,-0.03,1.19
通化金马,000766,2021-05-27,4.71,4.72,4.74,4.6,80859,37767139.0,2.97,0.21,0.01,1.14
通化金马,000766,2021-05-28,4.72,4.62,4.84,4.58,105109,49488911.0,5.51,-2.12,-0.1,1.49
通化金马,000766,2021-05-31,4.6,4.61,4.68,4.52,71144,32860241.0,3.46,-0.22,-0.01,1.01
通化金马,000766,2021-06-01,4.6,4.78,4.86,4.56,130710,61867637.0,6.51,3.69,0.17,1.85
通化金马,000766,2021-06-02,4.8,4.68,4.84,4.66,67745,31999284.0,3.77,-2.09,-0.1,0.96
通化金马,000766,2021-06-03,4.66,4.6,4.71,4.6,49158,22808275.0,2.35,-1.71,-0.08,0.7
通化金马,000766,2021-06-04,4.58,4.67,4.76,4.51,92141,42551306.0,5.43,1.52,0.07,1.3
通化金马,000766,2021-06-07,4.66,4.59,4.68,4.57,51399,23659481.0,2.36,-1.71,-0.08,0.73
通化金马,000766,2021-06-08,4.75,5.05,5.05,4.69,165232,81590143.0,7.84,10.02,0.46,2.34
通化金马,000766,2021-06-09,5.07,5.19,5.34,4.86,335164,169142839.0,9.5,2.77,0.14,4.74
通化金马,000766,2021-06-10,5.04,5.04,5.09,4.97,158907,79796006.0,2.31,-2.89,-0.15,2.25
通化金马,000766,2021-06-11,5.03,4.81,5.03,4.81,118450,58135109.0,4.37,-4.56,-0.23,1.68
通化金马,000766,2021-06-15,4.85,4.87,4.93,4.75,81983,39742758.0,3.74,1.25,0.06,1.16
通化金马,000766,2021-06-16,4.82,4.61,4.85,4.61,81727,38442037.0,4.93,-5.34,-0.26,1.16
通化金马,000766,2021-06-17,4.57,4.62,4.72,4.57,49688,23059555.0,3.25,0.22,0.01,0.7
通化金马,000766,2021-06-18,4.62,4.66,4.67,4.57,38716,17869961.0,2.16,0.87,0.04,0.55
通化金马,000766,2021-06-21,4.65,4.69,4.72,4.6,43617,20425814.0,2.58,0.64,0.03,0.62
通化金马,000766,2021-06-22,4.69,4.61,4.73,4.58,55198,25532157.0,3.2,-1.71,-0.08,0.78
通化金马,000766,2021-06-23,4.58,4.58,4.61,4.53,53424,24346172.0,1.74,-0.65,-0.03,0.76
通化金马,000766,2021-06-24,4.56,4.6,4.66,4.47,60524,27596353.0,4.15,0.44,0.02,0.86
通化金马,000766,2021-06-25,4.59,4.78,4.82,4.53,96881,45620664.0,6.3,3.91,0.18,1.37
通化金马,000766,2021-06-28,4.75,4.98,5.06,4.65,132179,64894519.0,8.58,4.18,0.2,1.87
通化金马,000766,2021-06-29,4.9,4.95,5.03,4.89,105187,52203246.0,2.81,-0.6,-0.03,1.49
通化金马,000766,2021-06-30,4.92,5.08,5.18,4.8,162308,82414952.0,7.68,2.63,0.13,2.3
通化金马,000766,2021-07-01,5.05,5.05,5.24,5.02,162396,83341198.0,4.33,-0.59,-0.03,2.3
通化金马,000766,2021-07-02,5.11,5.03,5.17,4.95,132245,66778246.0,4.36,-0.4,-0.02,1.87
通化金马,000766,2021-07-05,5.02,4.95,5.07,4.9,95701,47421597.0,3.38,-1.59,-0.08,1.35
通化金马,000766,2021-07-06,4.96,4.92,5.04,4.84,97034,47787212.0,4.04,-0.61,-0.03,1.37
通化金马,000766,2021-07-07,4.89,4.9,4.93,4.81,64469,31320047.0,2.44,-0.41,-0.02,0.91
通化金马,000766,2021-07-08,4.9,4.81,4.91,4.77,55273,26663058.0,2.86,-1.84,-0.09,0.78
通化金马,000766,2021-07-09,4.79,4.82,4.84,4.75,41455,19894979.0,1.87,0.21,0.01,0.59
通化金马,000766,2021-07-12,4.86,4.74,4.88,4.67,99614,47512719.0,4.36,-1.66,-0.08,1.41
通化金马,000766,2021-07-13,4.76,5.02,5.16,4.75,148597,73955482.0,8.65,5.91,0.28,2.1
通化金马,000766,2021-07-14,5.0,4.95,5.06,4.9,110032,54775186.0,3.19,-1.39,-0.07,1.56
通化金马,000766,2021-07-15,4.95,5.06,5.11,4.87,146800,73687040.0,4.85,2.22,0.11,2.08
通化金马,000766,2021-07-16,5.02,4.92,5.05,4.89,100073,49541880.0,3.16,-2.77,-0.14,1.42
通化金马,000766,2021-07-19,4.89,5.41,5.41,4.76,327704,169458422.0,13.21,9.96,0.49,4.64
通化金马,000766,2021-07-20,5.41,5.33,5.55,5.28,327856,176779170.0,4.99,-1.48,-0.08,4.64
通化金马,000766,2021-07-21,5.34,5.33,5.46,5.27,179894,96295627.0,3.56,0.0,0.0,2.54
通化金马,000766,2021-07-22,5.37,5.21,5.37,5.21,107952,56824662.0,3.0,-2.25,-0.12,1.53
通化金马,000766,2021-07-23,5.2,5.3,5.41,5.17,160169,84498759.0,4.61,1.73,0.09,2.27
通化金马,000766,2021-07-26,5.33,5.4,5.5,5.24,238720,128399790.0,4.91,1.89,0.1,3.38
通化金马,000766,2021-07-27,5.32,5.3,5.4,5.26,132206,70272079.0,2.59,-1.85,-0.1,1.87
通化金马,000766,2021-07-28,5.24,4.77,5.3,4.77,228827,111940286.0,10.0,-10.0,-0.53,3.24
通化金马,000766,2021-07-29,4.79,4.9,4.97,4.71,110200,53451392.0,5.45,2.73,0.13,1.56
通化金马,000766,2021-07-30,4.97,4.89,4.97,4.74,92509,44660573.0,4.69,-0.2,-0.01,1.31
通化金马,000766,2021-08-02,4.83,4.94,5.04,4.82,98213,48425635.0,4.5,1.02,0.05,1.39
通化金马,000766,2021-08-03,4.94,5.13,5.23,4.91,175426,89770249.0,6.48,3.85,0.19,2.48
通化金马,000766,2021-08-04,5.13,5.15,5.18,5.07,82063,42005208.0,2.14,0.39,0.02,1.16
通化金马,000766,2021-08-05,5.13,5.07,5.25,5.06,102845,52817222.0,3.69,-1.55,-0.08,1.45
通化金马,000766,2021-08-06,5.01,4.92,5.12,4.86,88654,43827118.0,5.13,-2.96,-0.15,1.25
通化金马,000766,2021-08-09,4.92,4.95,4.99,4.88,54233,26781076.0,2.24,0.61,0.03,0.77
通化金马,000766,2021-08-10,4.94,4.91,4.99,4.87,69578,34184380.0,2.42,-0.81,-0.04,0.98
通化金马,000766,2021-08-11,4.86,4.9,4.98,4.84,60167,29451564.0,2.85,-0.2,-0.01,0.85
通化金马,000766,2021-08-12,4.91,4.85,4.93,4.82,75651,36727639.0,2.24,-1.02,-0.05,1.07
通化金马,000766,2021-08-13,4.86,4.97,4.98,4.82,79836,38981519.0,3.3,2.47,0.12,1.13
通化金马,000766,2021-08-16,4.96,5.0,5.12,4.95,91622,46036653.0,3.42,0.6,0.03,1.3
通化金马,000766,2021-08-17,4.96,4.84,5.0,4.82,63054,30868192.0,3.6,-3.2,-0.16,0.89
通化金马,000766,2021-08-18,4.84,4.83,4.89,4.8,52197,25281039.0,1.86,-0.21,-0.01,0.74
通化金马,000766,2021-08-19,4.83,4.78,4.85,4.76,49237,23573079.0,1.86,-1.04,-0.05,0.7
通化金马,000766,2021-08-20,4.83,4.74,4.83,4.7,49904,23624164.0,2.72,-0.84,-0.04,0.71
通化金马,000766,2021-08-23,4.74,4.82,4.85,4.61,116285,54673793.0,5.06,1.69,0.08,1.64
通化金马,000766,2021-08-24,4.79,4.77,4.82,4.6,136858,64392572.0,4.56,-1.04,-0.05,1.94
通化金马,000766,2021-08-25,4.76,4.73,4.76,4.67,42731,20174381.0,1.89,-0.84,-0.04,0.6
通化金马,000766,2021-08-26,4.72,4.6,4.72,4.59,65427,30392980.0,2.75,-2.75,-0.13,0.93
通化金马,000766,2021-08-27,4.6,4.55,4.64,4.53,54014,24716199.0,2.39,-1.09,-0.05,0.76
通化金马,000766,2021-08-30,4.53,4.58,4.58,4.5,50191,22789000.0,1.76,0.66,0.03,0.71
通化金马,000766,2021-08-31,4.58,4.5,4.58,4.5,45821,20756384.0,1.75,-1.75,-0.08,0.65
通化金马,000766,2021-09-01,4.51,4.3,4.56,4.2,119512,51739740.0,8.0,-4.44,-0.2,1.69
通化金马,000766,2021-09-02,4.22,4.34,4.38,4.22,71562,30903720.0,3.72,0.93,0.04,1.01
通化金马,000766,2021-09-03,4.31,4.44,4.55,4.31,86621,38615868.0,5.53,2.3,0.1,1.23
通化金马,000766,2021-09-06,4.44,4.47,4.52,4.39,66995,29985217.0,2.93,0.68,0.03,0.95
通化金马,000766,2021-09-07,4.46,4.51,4.51,4.44,48479,21752496.0,1.57,0.89,0.04,0.69
通化金马,000766,2021-09-08,4.49,4.5,4.55,4.47,59228,26679097.0,1.77,-0.22,-0.01,0.84
通化金马,000766,2021-09-09,4.49,4.5,4.5,4.47,52843,23708537.0,0.67,0.0,0.0,0.75
通化金马,000766,2021-09-10,4.5,4.46,4.54,4.45,61690,27644191.0,2.0,-0.89,-0.04,0.87
通化金马,000766,2021-09-13,4.45,4.49,4.51,4.42,61270,27474976.0,2.02,0.67,0.03,0.87
通化金马,000766,2021-09-14,4.49,4.46,4.52,4.46,57615,25875608.0,1.34,-0.67,-0.03,0.81
通化金马,000766,2021-09-15,4.44,4.43,4.44,4.32,52168,22925665.0,2.69,-0.67,-0.03,0.74
通化金马,000766,2021-09-16,4.43,4.31,4.47,4.3,54658,23912078.0,3.84,-2.71,-0.12,0.77
通化金马,000766,2021-09-17,4.31,4.17,4.35,4.15,74648,31473426.0,4.64,-3.25,-0.14,1.06
通化金马,000766,2021-09-22,4.14,4.19,4.2,4.11,45365,18922726.0,2.16,0.48,0.02,0.64
通化金马,000766,2021-09-23,4.16,4.28,4.35,4.16,65362,27962280.0,4.53,2.15,0.09,0.92
通化金马,000766,2021-09-24,4.26,4.18,4.31,4.16,58756,24825657.0,3.5,-2.34,-0.1,0.83
通化金马,000766,2021-09-27,4.17,4.01,4.23,3.95,82227,33426321.0,6.7,-4.07,-0.17,1.16
通化金马,000766,2021-09-28,3.99,4.06,4.08,3.96,55316,22242438.0,2.99,1.25,0.05,0.78
通化金马,000766,2021-09-29,4.06,3.88,4.06,3.87,58903,23205495.0,4.68,-4.43,-0.18,0.83
通化金马,000766,2021-09-30,3.86,4.05,4.07,3.86,45119,18025485.0,5.41,4.38,0.17,0.64
通化金马,000766,2021-10-08,4.05,4.16,4.19,4.05,63891,26528200.0,3.46,2.72,0.11,0.9
通化金马,000766,2021-10-11,4.16,4.13,4.24,4.11,51317,21347483.0,3.13,-0.72,-0.03,0.73
通化金马,000766,2021-10-12,4.12,4.12,4.16,4.07,39837,16390432.0,2.18,-0.24,-0.01,0.56
通化金马,000766,2021-10-13,4.12,4.1,4.17,4.08,50900,20967915.0,2.18,-0.49,-0.02,0.72
通化金马,000766,2021-10-14,4.12,4.05,4.12,4.04,40034,16269114.0,1.95,-1.22,-0.05,0.57
通化金马,000766,2021-10-15,4.06,3.95,4.1,3.94,42462,16894328.0,3.95,-2.47,-0.1,0.6
通化金马,000766,2021-10-18,3.98,4.0,4.06,3.9,33456,13339675.0,4.05,1.27,0.05,0.47
通化金马,000766,2021-10-19,4.02,3.98,4.04,3.96,31176,12433615.0,2.0,-0.5,-0.02,0.44
通化金马,000766,2021-10-20,3.98,4.0,4.02,3.93,32773,13040450.0,2.26,0.5,0.02,0.46
通化金马,000766,2021-10-21,3.99,3.93,3.99,3.91,35933,14158441.0,2.0,-1.75,-0.07,0.51
通化金马,000766,2021-10-22,3.92,3.89,3.94,3.85,36203,14071292.0,2.29,-1.02,-0.04,0.51
通化金马,000766,2021-10-25,3.88,3.82,3.89,3.76,62127,23665036.0,3.34,-1.8,-0.07,0.88
通化金马,000766,2021-10-26,3.83,3.77,3.86,3.77,37141,14146008.0,2.36,-1.31,-0.05,0.53
通化金马,000766,2021-10-27,3.78,3.74,3.78,3.63,56756,20904538.0,3.98,-0.8,-0.03,0.8
通化金马,000766,2021-10-28,3.72,3.77,3.88,3.68,60645,22932138.0,5.35,0.8,0.03,0.86
通化金马,000766,2021-10-29,3.78,3.82,3.86,3.71,53104,20133743.0,3.98,1.33,0.05,0.75
通化金马,000766,2021-11-01,3.78,4.01,4.04,3.77,90042,35356107.0,7.07,4.97,0.19,1.27
通化金马,000766,2021-11-02,4.01,3.84,4.01,3.81,72764,28345118.0,4.99,-4.24,-0.17,1.03
通化金马,000766,2021-11-03,3.83,3.85,3.88,3.77,39515,15079131.0,2.86,0.26,0.01,0.56
通化金马,000766,2021-11-04,3.82,3.78,3.83,3.76,40128,15145033.0,1.82,-1.82,-0.07,0.57
通化金马,000766,2021-11-05,3.75,3.71,3.78,3.7,37180,13881031.0,2.12,-1.85,-0.07,0.53
通化金马,000766,2021-11-08,3.71,3.74,3.77,3.68,23359,8690396.0,2.43,0.81,0.03,0.33
通化金马,000766,2021-11-09,3.74,3.78,3.8,3.73,30347,11459336.0,1.87,1.07,0.04,0.43
通化金马,000766,2021-11-10,3.76,3.96,3.96,3.75,82158,31899136.0,5.56,4.76,0.18,1.16
通化金马,000766,2021-11-11,3.96,3.97,4.02,3.9,57242,22673090.0,3.03,0.25,0.01,0.81
通化金马,000766,2021-11-12,3.98,3.95,4.01,3.81,61123,23947145.0,5.04,-0.5,-0.02,0.86
通化金马,000766,2021-11-15,3.95,4.1,4.11,3.93,99054,39949497.0,4.56,3.8,0.15,1.4
通化金马,000766,2021-11-16,4.11,4.07,4.15,4.05,61460,25135132.0,2.44,-0.73,-0.03,0.87
通化金马,000766,2021-11-17,4.06,4.04,4.09,4.02,39911,16166993.0,1.72,-0.74,-0.03,0.56
通化金马,000766,2021-11-18,4.03,4.03,4.07,4.0,40059,16170590.0,1.73,-0.25,-0.01,0.57
通化金马,000766,2021-11-19,4.0,4.02,4.05,3.97,33154,13287483.0,1.99,-0.25,-0.01,0.47
通化金马,000766,2021-11-22,4.03,4.28,4.31,4.01,145821,61098248.0,7.46,6.47,0.26,2.06
通化金马,000766,2021-11-23,4.31,4.17,4.33,4.13,91988,38519022.0,4.67,-2.57,-0.11,1.3
通化金马,000766,2021-11-24,4.14,4.13,4.22,4.12,49578,20588282.0,2.4,-0.96,-0.04,0.7
通化金马,000766,2021-11-25,4.16,4.21,4.26,4.09,88604,37251113.0,4.12,1.94,0.08,1.25
通化金马,000766,2021-11-26,4.19,4.15,4.23,4.11,52019,21571281.0,2.85,-1.43,-0.06,0.74
通化金马,000766,2021-11-29,4.16,4.07,4.22,4.07,49489,20388938.0,3.61,-1.93,-0.08,0.7
通化金马,000766,2021-11-30,4.09,4.12,4.12,4.04,29272,11985284.0,1.97,1.23,0.05,0.41
通化金马,000766,2021-12-01,4.13,4.12,4.13,4.07,30666,12587725.0,1.46,0.0,0.0,0.43
通化金马,000766,2021-12-02,4.12,4.05,4.14,4.05,37459,15304292.0,2.18,-1.7,-0.07,0.53
通化金马,000766,2021-12-03,4.05,4.08,4.13,4.04,27865,11372564.0,2.22,0.74,0.03,0.39
通化金马,000766,2021-12-06,4.12,4.05,4.13,4.05,41807,17075734.0,1.96,-0.74,-0.03,0.59
通化金马,000766,2021-12-07,4.06,4.04,4.09,3.99,34568,13931050.0,2.47,-0.25,-0.01,0.49
通化金马,000766,2021-12-08,4.05,4.0,4.05,3.98,34903,13980574.0,1.73,-0.99,-0.04,0.49
通化金马,000766,2021-12-09,4.0,4.03,4.06,3.98,31785,12799696.0,2.0,0.75,0.03,0.45
通化金马,000766,2021-12-10,4.03,4.09,4.1,4.0,39066,15882836.0,2.48,1.49,0.06,0.55
通化金马,000766,2021-12-13,4.08,4.1,4.13,4.06,35808,14637786.0,1.71,0.24,0.01,0.51
通化金马,000766,2021-12-14,4.11,4.12,4.18,4.07,36401,15042680.0,2.68,0.49,0.02,0.51
通化金马,000766,2021-12-15,4.11,4.07,4.13,4.07,33914,13918187.0,1.46,-1.21,-0.05,0.48
通化金马,000766,2021-12-16,4.07,4.05,4.09,4.04,37831,15364464.0,1.23,-0.49,-0.02,0.54
通化金马,000766,2021-12-17,4.05,4.04,4.07,4.03,29943,12123114.0,0.99,-0.25,-0.01,0.42
通化金马,000766,2021-12-20,4.05,4.13,4.18,4.04,67349,27771820.0,3.47,2.23,0.09,0.95
通化金马,000766,2021-12-21,4.13,4.18,4.18,4.1,65372,27103656.0,1.94,1.21,0.05,0.92
通化金马,000766,2021-12-22,4.18,4.27,4.3,4.16,107090,45476142.0,3.35,2.15,0.09,1.51
通化金马,000766,2021-12-23,4.3,4.19,4.3,4.17,70061,29463426.0,3.04,-1.87,-0.08,0.99
通化金马,000766,2021-12-24,4.19,4.61,4.61,4.15,412588,185670719.0,10.98,10.02,0.42,5.84
通化金马,000766,2021-12-27,4.45,4.82,4.97,4.45,558529,261365244.0,11.28,4.56,0.21,7.9
通化金马,000766,2021-12-28,4.7,4.62,4.8,4.56,287896,133823859.0,4.98,-4.15,-0.2,4.07
通化金马,000766,2021-12-29,4.57,4.58,4.71,4.52,177232,81899872.0,4.11,-0.87,-0.04,2.51
通化金马,000766,2021-12-30,4.71,4.82,4.97,4.62,338584,161927951.0,7.64,5.24,0.24,4.79
通化金马,000766,2021-12-31,4.78,4.75,4.98,4.73,280495,135624600.0,5.19,-1.45,-0.07,3.97
通化金马,000766,2022-01-04,4.75,4.92,4.98,4.75,324655,158928113.0,4.84,3.58,0.17,4.59
通化金马,000766,2022-01-05,4.85,4.71,4.92,4.65,220364,104390939.0,5.49,-4.27,-0.21,3.12
通化金马,000766,2022-01-06,4.68,4.79,4.83,4.6,156379,73884861.0,4.88,1.7,0.08,2.21
通化金马,000766,2022-01-07,4.72,4.59,4.83,4.58,172051,80388904.0,5.22,-4.18,-0.2,2.43
通化金马,000766,2022-01-10,4.59,4.7,4.77,4.59,122126,57489313.0,3.92,2.4,0.11,1.73
通化金马,000766,2022-01-11,4.75,5.17,5.17,4.68,297248,150341086.0,10.43,10.0,0.47,4.2
通化金马,000766,2022-01-12,5.35,5.15,5.35,4.98,528011,273028704.0,7.16,-0.39,-0.02,7.47
通化金马,000766,2022-01-13,5.23,5.11,5.27,5.05,332823,171489208.0,4.27,-0.78,-0.04,4.71
通化金马,000766,2022-01-14,5.12,5.23,5.4,5.11,407954,215494183.0,5.68,2.35,0.12,5.77
通化金马,000766,2022-01-17,5.24,5.12,5.29,5.07,278993,143944525.0,4.21,-2.1,-0.11,3.95
通化金马,000766,2022-01-18,5.1,4.9,5.14,4.86,251606,125019923.0,5.47,-4.3,-0.22,3.56
通化金马,000766,2022-01-19,4.92,4.91,4.94,4.81,119790,58482201.0,2.65,0.2,0.01,1.69
通化金马,000766,2022-01-20,4.91,4.71,4.96,4.7,132132,63192473.0,5.3,-4.07,-0.2,1.87
通化金马,000766,2022-01-21,4.7,4.63,4.76,4.58,96015,44575686.0,3.82,-1.7,-0.08,1.36
通化金马,000766,2022-01-24,4.63,4.6,4.63,4.45,100993,45974589.0,3.89,-0.65,-0.03,1.43
通化金马,000766,2022-01-25,4.58,4.35,4.64,4.35,105404,46823489.0,6.3,-5.43,-0.25,1.49
通化金马,000766,2022-01-26,4.36,4.36,4.48,4.32,81769,35818746.0,3.68,0.23,0.01,1.16
通化金马,000766,2022-01-27,4.38,4.22,4.38,4.2,72823,31053252.0,4.13,-3.21,-0.14,1.03
通化金马,000766,2022-01-28,4.33,4.45,4.52,4.29,96549,42641698.0,5.45,5.45,0.23,1.37
通化金马,000766,2022-02-07,4.46,4.45,4.54,4.38,64704,28831099.0,3.6,0.0,0.0,0.92
通化金马,000766,2022-02-08,4.42,4.65,4.69,4.41,99336,45625684.0,6.29,4.49,0.2,1.41
通化金马,000766,2022-02-09,4.68,4.68,4.72,4.6,60916,28459736.0,2.58,0.65,0.03,0.86
通化金马,000766,2022-02-10,4.63,4.65,4.69,4.59,57486,26666283.0,2.14,-0.64,-0.03,0.81
通化金马,000766,2022-02-11,4.62,4.45,4.67,4.4,87348,39322946.0,5.81,-4.3,-0.2,1.24
通化金马,000766,2022-02-14,4.42,4.42,4.55,4.39,62934,28147542.0,3.6,-0.67,-0.03,0.89
通化金马,000766,2022-02-15,4.44,4.36,4.5,4.35,63037,27814473.0,3.39,-1.36,-0.06,0.89
通化金马,000766,2022-02-16,4.43,4.37,4.43,4.31,52471,22900419.0,2.75,0.23,0.01,0.74
通化金马,000766,2022-02-17,4.37,4.25,4.38,4.25,58793,25291131.0,2.97,-2.75,-0.12,0.83
通化金马,000766,2022-02-18,4.25,4.32,4.34,4.21,59522,25551243.0,3.06,1.65,0.07,0.84
通化金马,000766,2022-02-21,4.31,4.44,4.46,4.27,73176,32135983.0,4.4,2.78,0.12,1.04
通化金马,000766,2022-02-22,4.44,4.33,4.47,4.28,74550,32479301.0,4.28,-2.48,-0.11,1.05
通化金马,000766,2022-02-23,4.31,4.76,4.76,4.31,181765,84337278.0,10.39,9.93,0.43,2.57
通化金马,000766,2022-02-24,4.82,4.77,5.1,4.62,523026,251804359.0,10.08,0.21,0.01,7.4
通化金马,000766,2022-02-25,4.69,4.73,4.84,4.64,270382,128251735.0,4.19,-0.84,-0.04,3.82
通化金马,000766,2022-02-28,4.7,4.73,4.83,4.65,161660,76283342.0,3.81,0.0,0.0,2.29
通化金马,000766,2022-03-01,4.73,4.94,5.03,4.7,309363,151513050.0,6.98,4.44,0.21,4.38
通化金马,000766,2022-03-02,4.9,5.06,5.08,4.85,252498,126003360.0,4.66,2.43,0.12,3.57
通化金马,000766,2022-03-03,5.06,5.11,5.18,5.02,220823,112890219.0,3.16,0.99,0.05,3.12
通化金马,000766,2022-03-04,5.07,5.05,5.16,4.99,159087,80511677.0,3.33,-1.17,-0.06,2.25
通化金马,000766,2022-03-07,5.0,4.97,5.07,4.94,139650,69781759.0,2.57,-1.58,-0.08,1.98
通化金马,000766,2022-03-08,4.97,4.84,4.99,4.82,158688,77546110.0,3.42,-2.62,-0.13,2.24
通化金马,000766,2022-03-09,4.87,4.74,4.93,4.55,152070,72037629.0,7.85,-2.07,-0.1,2.15
通化金马,000766,2022-03-10,4.83,4.84,4.95,4.79,136221,66311947.0,3.38,2.11,0.1,1.93
通化金马,000766,2022-03-11,4.89,5.17,5.32,4.8,604251,310719152.0,10.74,6.82,0.33,8.55
通化金马,000766,2022-03-14,5.19,4.98,5.32,4.95,442155,226001126.0,7.16,-3.68,-0.19,6.25
通化金马,000766,2022-03-15,4.91,4.62,5.03,4.62,295998,142566723.0,8.23,-7.23,-0.36,4.19
通化金马,000766,2022-03-16,4.75,4.77,4.82,4.53,229974,107774726.0,6.28,3.25,0.15,3.25
通化金马,000766,2022-03-17,4.79,5.25,5.25,4.72,379130,196210833.0,11.11,10.06,0.48,5.36
通化金马,000766,2022-03-18,5.42,5.38,5.75,5.27,856588,467012560.0,9.14,2.48,0.13,12.12
通化金马,000766,2022-03-21,5.28,5.52,5.6,5.27,590977,324351568.0,6.13,2.6,0.14,8.36
通化金马,000766,2022-03-22,5.47,5.41,5.51,5.35,299006,161931292.0,2.9,-1.99,-0.11,4.23
通化金马,000766,2022-03-23,5.41,5.28,5.45,5.23,284564,151258780.0,4.07,-2.4,-0.13,4.02
通化金马,000766,2022-03-24,5.28,5.19,5.28,5.16,228783,119190748.0,2.27,-1.7,-0.09,3.24
通化金马,000766,2022-03-25,5.19,5.3,5.45,5.16,288612,154113717.0,5.59,2.12,0.11,4.08
通化金马,000766,2022-03-28,5.26,5.39,5.45,5.2,289710,154956435.0,4.72,1.7,0.09,4.1
通化金马,000766,2022-03-29,5.32,5.28,5.37,5.18,211347,111280543.0,3.53,-2.04,-0.11,2.99
通化金马,000766,2022-03-30,5.4,5.37,5.44,5.18,211992,112806584.0,4.92,1.7,0.09,3.0
通化金马,000766,2022-03-31,5.3,5.91,5.91,5.28,238239,137067445.0,11.73,10.06,0.54,3.37
通化金马,000766,2022-04-01,5.91,5.7,5.92,5.57,639278,362566096.0,5.92,-3.55,-0.21,9.04
通化金马,000766,2022-04-06,5.7,5.62,5.85,5.6,360503,205103365.0,4.39,-1.4,-0.08,5.1
通化金马,000766,2022-04-07,5.58,5.45,5.65,5.37,252982,138831105.0,4.98,-3.02,-0.17,3.58
通化金马,000766,2022-04-08,5.4,5.2,5.44,5.08,268797,139834532.0,6.61,-4.59,-0.25,3.8
通化金马,000766,2022-04-11,5.17,5.02,5.21,4.96,186684,94794109.0,4.81,-3.46,-0.18,2.64
通化金马,000766,2022-04-12,5.0,5.13,5.32,4.95,213821,111096290.0,7.37,2.19,0.11,3.02
通化金马,000766,2022-04-13,5.16,4.98,5.19,4.98,170211,85875205.0,4.09,-2.92,-0.15,2.41
通化金马,000766,2022-04-14,5.03,5.1,5.17,4.99,121228,61764155.0,3.61,2.41,0.12,1.71
通化金马,000766,2022-04-15,5.08,5.15,5.26,4.99,152205,78222743.0,5.29,0.98,0.05,2.15
通化金马,000766,2022-04-18,5.06,4.84,5.11,4.8,177442,86492795.0,6.02,-6.02,-0.31,2.51
通化金马,000766,2022-04-19,4.85,4.99,5.13,4.85,193099,96890188.0,5.79,3.1,0.15,2.73
通化金马,000766,2022-04-20,4.99,4.89,5.08,4.88,139330,68960299.0,4.01,-2.0,-0.1,1.97
通化金马,000766,2022-04-21,4.93,4.68,4.93,4.6,136981,64776049.0,6.75,-4.29,-0.21,1.94
通化金马,000766,2022-04-22,4.6,4.61,4.69,4.51,77273,35518189.0,3.85,-1.5,-0.07,1.09
通化金马,000766,2022-04-25,4.58,4.21,4.58,4.2,139954,60867635.0,8.24,-8.68,-0.4,1.98
通化金马,000766,2022-04-26,4.18,4.05,4.25,4.01,121153,49930014.0,5.7,-3.8,-0.16,1.71
通化金马,000766,2022-04-27,3.94,4.22,4.22,3.88,127401,51233103.0,8.4,4.2,0.17,1.8
通化金马,000766,2022-04-28,4.2,4.08,4.28,4.03,102721,42349179.0,5.92,-3.32,-0.14,1.45
通化金马,000766,2022-04-29,4.11,4.21,4.24,4.06,117241,49008414.0,4.41,3.19,0.13,1.66
通化金马,000766,2022-05-05,4.2,4.21,4.28,4.09,110165,46270658.0,4.51,0.0,0.0,1.56
通化金马,000766,2022-05-06,4.12,4.3,4.32,4.03,131681,55890680.0,6.89,2.14,0.09,1.86
通化金马,000766,2022-05-09,4.35,4.73,4.73,4.31,307686,143054755.0,9.77,10.0,0.43,4.35
通化金马,000766,2022-05-10,4.73,4.92,4.94,4.66,348442,168276625.0,5.92,4.02,0.19,4.93
通化金马,000766,2022-05-11,4.93,4.74,5.07,4.72,246865,120551734.0,7.11,-3.66,-0.18,3.49
通化金马,000766,2022-05-12,4.68,4.74,4.78,4.65,138590,65365469.0,2.74,0.0,0.0,1.96
通化金马,000766,2022-05-13,4.79,4.77,4.82,4.62,122081,57525795.0,4.22,0.63,0.03,1.73
通化金马,000766,2022-05-16,4.78,4.67,4.81,4.65,82582,38872638.0,3.35,-2.1,-0.1,1.17
通化金马,000766,2022-05-17,4.73,4.54,4.74,4.49,112790,51527631.0,5.35,-2.78,-0.13,1.43
通化金马,000766,2022-05-18,4.54,4.59,4.6,4.43,87681,39769867.0,3.74,1.1,0.05,1.11
通化金马,000766,2022-05-19,4.53,4.69,4.7,4.46,98964,45300118.0,5.23,2.18,0.1,1.26
通化金马,000766,2022-05-20,4.7,4.65,4.82,4.61,96846,45432875.0,4.48,-0.85,-0.04,1.23
通化金马,000766,2022-05-23,4.69,4.66,4.74,4.64,76004,35442875.0,2.15,0.22,0.01,0.97
通化金马,000766,2022-05-24,4.66,4.38,4.68,4.38,106859,48216864.0,6.44,-6.01,-0.28,1.36
通化金马,000766,2022-05-25,4.4,4.49,4.5,4.4,58213,25957793.0,2.28,2.51,0.11,0.74
通化金马,000766,2022-05-26,4.51,4.55,4.56,4.39,58397,26209896.0,3.79,1.34,0.06,0.74
通化金马,000766,2022-05-27,4.55,4.5,4.58,4.45,51360,23175149.0,2.86,-1.1,-0.05,0.65
通化金马,000766,2022-05-30,4.53,4.48,4.54,4.44,52853,23665587.0,2.22,-0.44,-0.02,0.67
通化金马,000766,2022-05-31,4.48,4.58,4.62,4.39,97690,44007722.0,5.13,2.23,0.1,1.24
通化金马,000766,2022-06-01,4.59,4.83,5.0,4.59,234175,112542556.0,8.95,5.46,0.25,2.98
通化金马,000766,2022-06-02,4.86,4.78,4.9,4.65,150602,71345216.0,5.18,-1.04,-0.05,1.91
通化金马,000766,2022-06-06,4.72,4.81,4.87,4.72,103982,50001648.0,3.14,0.63,0.03,1.32
通化金马,000766,2022-06-07,4.8,4.95,4.95,4.75,174674,85182579.0,4.16,2.91,0.14,2.22
通化金马,000766,2022-06-08,4.94,4.89,4.96,4.78,115303,56109987.0,3.64,-1.21,-0.06,1.47
通化金马,000766,2022-06-09,4.89,4.77,4.9,4.76,92605,44592984.0,2.86,-2.45,-0.12,1.18
通化金马,000766,2022-06-10,4.98,4.9,4.99,4.78,189425,92768422.0,4.4,2.73,0.13,2.41
通化金马,000766,2022-06-13,4.69,4.85,4.87,4.69,110648,53022777.0,3.67,-1.02,-0.05,1.41
通化金马,000766,2022-06-14,4.81,4.8,4.84,4.69,88809,42355957.0,3.09,-1.03,-0.05,1.13
通化金马,000766,2022-06-15,4.82,5.07,5.19,4.75,263849,132453549.0,9.17,5.63,0.27,3.35
通化金马,000766,2022-06-16,4.99,5.02,5.09,4.96,134825,67596162.0,2.56,-0.99,-0.05,1.71
通化金马,000766,2022-06-17,5.02,5.04,5.05,4.93,84640,42199527.0,2.39,0.4,0.02,1.08
通化金马,000766,2022-06-20,5.07,5.18,5.21,5.02,169194,86974837.0,3.77,2.78,0.14,2.15
通化金马,000766,2022-06-21,5.14,5.28,5.34,5.03,207332,109010088.0,5.98,1.93,0.1,2.63
通化金马,000766,2022-06-22,5.27,5.28,5.33,5.18,158280,83213104.0,2.84,0.0,0.0,2.01
通化金马,000766,2022-06-23,5.27,5.28,5.3,5.16,113841,59636640.0,2.65,0.0,0.0,1.45
通化金马,000766,2022-06-24,5.28,5.27,5.43,5.23,120658,63999159.0,3.79,-0.19,-0.01,1.53
通化金马,000766,2022-06-27,5.3,5.26,5.39,5.2,154203,81217910.0,3.61,-0.19,-0.01,1.96
通化金马,000766,2022-06-28,5.25,5.35,5.4,5.23,124798,66545545.0,3.23,1.71,0.09,1.59
通化金马,000766,2022-06-29,5.37,5.26,5.42,5.2,115045,60765544.0,4.11,-1.68,-0.09,1.46
通化金马,000766,2022-06-30,5.23,5.23,5.3,5.16,100501,52553443.0,2.66,-0.57,-0.03,1.28
通化金马,000766,2022-07-01,5.2,5.23,5.31,5.2,67619,35540131.0,2.1,0.0,0.0,0.86
通化金马,000766,2022-07-04,5.23,5.2,5.31,5.19,86525,45129677.0,2.29,-0.57,-0.03,1.1
通化金马,000766,2022-07-05,5.24,5.14,5.25,5.08,93763,48254066.0,3.27,-1.15,-0.06,1.19
通化金马,000766,2022-07-06,5.14,5.07,5.18,5.02,73274,37135272.0,3.11,-1.36,-0.07,0.93
通化金马,000766,2022-07-07,5.04,5.04,5.08,5.01,49773,25136109.0,1.38,-0.59,-0.03,0.63
通化金马,000766,2022-07-08,5.04,5.26,5.34,5.04,164277,85772811.0,5.95,4.37,0.22,2.09
通化金马,000766,2022-07-11,5.24,5.4,5.54,5.23,191544,103806141.73,5.89,2.66,0.14,2.43
通化金马,000766,2022-07-12,5.39,5.31,5.43,5.25,109817,58345220.0,3.33,-1.67,-0.09,1.4
通化金马,000766,2022-07-13,5.27,5.22,5.3,5.19,87258,45621424.0,2.07,-1.69,-0.09,1.11
通化金马,000766,2022-07-14,5.22,5.19,5.3,5.19,71241,37336193.72,2.11,-0.57,-0.03,0.91
通化金马,000766,2022-07-15,5.13,5.12,5.22,5.08,79840,41142514.55,2.7,-1.35,-0.07,1.01
通化金马,000766,2022-07-18,5.12,5.16,5.21,5.08,77713,40117667.99,2.54,0.78,0.04,0.99
通化金马,000766,2022-07-19,5.19,5.25,5.38,5.19,89032,46872437.6,3.68,1.74,0.09,1.13
通化金马,000766,2022-07-20,5.27,5.38,5.43,5.24,102140,54798493.49,3.62,2.48,0.13,1.3
通化金马,000766,2022-07-21,5.4,5.36,5.45,5.33,84531,45509663.0,2.23,-0.37,-0.02,1.07
通化金马,000766,2022-07-22,5.37,5.28,5.4,5.26,64753,34463893.76,2.61,-1.49,-0.08,0.82
通化金马,000766,2022-07-25,5.28,5.29,5.36,5.24,50441,26660497.0,2.27,0.19,0.01,0.64
通化金马,000766,2022-07-26,5.28,5.25,5.33,5.21,59658,31254454.36,2.27,-0.76,-0.04,0.76
通化金马,000766,2022-07-27,5.26,5.24,5.32,5.22,46757,24562912.67,1.9,-0.19,-0.01,0.59
通化金马,000766,2022-07-28,5.26,5.16,5.28,5.13,82276,42707838.45,2.86,-1.53,-0.08,1.05
通化金马,000766,2022-07-29,5.17,5.04,5.19,4.99,119253,60198919.17,3.88,-2.33,-0.12,1.52
通化金马,000766,2022-08-01,4.98,4.98,5.03,4.94,54328,27026874.0,1.79,-1.19,-0.06,0.69
通化金马,000766,2022-08-02,4.97,4.73,4.97,4.66,104891,50114473.61,6.22,-5.02,-0.25,1.26
通化金马,000766,2022-08-03,4.78,4.76,4.89,4.75,69535,33482059.41,2.96,0.63,0.03,0.84
通化金马,000766,2022-08-04,4.77,4.83,4.85,4.76,40953,19704458.08,1.89,1.47,0.07,0.49
通化金马,000766,2022-08-05,4.83,4.87,4.88,4.79,40520,19635495.0,1.86,0.83,0.04,0.49
通化金马,000766,2022-08-08,4.87,4.88,4.97,4.82,55050,26987597.14,3.08,0.21,0.01,0.66
通化金马,000766,2022-08-09,4.85,4.82,4.87,4.77,46462,22373879.77,2.05,-1.23,-0.06,0.56
通化金马,000766,2022-08-10,4.81,4.74,4.83,4.72,38690,18401674.6,2.28,-1.66,-0.08,0.47
通化金马,000766,2022-08-11,4.75,4.85,4.86,4.75,44856,21588976.82,2.32,2.32,0.11,0.54
通化金马,000766,2022-08-12,4.89,4.84,4.94,4.83,51847,25278522.0,2.27,-0.21,-0.01,0.62
通化金马,000766,2022-08-15,4.88,4.76,4.88,4.74,84927,40609679.4,2.89,-1.65,-0.08,1.01
通化金马,000766,2022-08-16,4.81,4.76,4.82,4.75,37140,17723224.82,1.47,0.0,0.0,0.44
通化金马,000766,2022-08-17,4.78,4.83,4.86,4.75,64629,31148443.5,2.31,1.47,0.07,0.77
通化金马,000766,2022-08-18,4.84,4.84,4.96,4.78,75407,36632043.0,3.73,0.21,0.01,0.9
通化金马,000766,2022-08-19,4.84,4.82,4.9,4.82,52204,25350255.0,1.65,-0.41,-0.02,0.62
通化金马,000766,2022-08-22,4.8,4.84,4.84,4.78,53159,25567630.84,1.24,0.41,0.02,0.63
通化金马,000766,2022-08-23,4.8,4.88,4.95,4.79,75750,37060092.15,3.31,0.83,0.04,0.9
通化金马,000766,2022-08-24,4.86,4.9,5.02,4.85,112605,55431705.51,3.48,0.41,0.02,1.34
通化金马,000766,2022-08-25,4.91,4.86,4.95,4.8,49416,24020169.0,3.06,-0.82,-0.04,0.59
通化金马,000766,2022-08-26,4.86,4.82,4.92,4.81,51463,24953967.5,2.26,-0.82,-0.04,0.61
通化金马,000766,2022-08-29,4.78,4.8,4.82,4.72,46448,22195858.9,2.07,-0.41,-0.02,0.55
通化金马,000766,2022-08-30,4.82,4.91,4.91,4.8,58861,28712911.0,2.29,2.29,0.11,0.7
通化金马,000766,2022-08-31,4.9,4.85,4.91,4.82,38393,18620144.0,1.83,-1.22,-0.06,0.46
通化金马,000766,2022-09-01,4.84,4.77,4.89,4.75,39133,18837792.0,2.89,-1.65,-0.08,0.47
通化金马,000766,2022-09-02,4.77,4.87,4.88,4.77,61354,29624545.61,2.31,2.1,0.1,0.73
通化金马,000766,2022-09-05,4.88,4.91,4.95,4.86,48460,23715078.5,1.85,0.82,0.04,0.58
通化金马,000766,2022-09-06,4.94,4.95,4.95,4.88,43007,21166579.0,1.43,0.81,0.04,0.51
通化金马,000766,2022-09-07,4.93,4.95,4.98,4.89,36928,18183822.0,1.82,0.0,0.0,0.44
通化金马,000766,2022-09-08,4.95,4.89,4.96,4.89,24961,12274680.0,1.41,-1.21,-0.06,0.3
通化金马,000766,2022-09-09,4.92,4.92,4.94,4.88,25426,12504602.0,1.23,0.61,0.03,0.3
通化金马,000766,2022-09-13,4.93,5.18,5.25,4.91,164990,84332931.02,6.91,5.28,0.26,1.97
通化金马,000766,2022-09-14,5.18,5.14,5.19,5.06,85488,43744794.0,2.51,-0.77,-0.04,1.02
通化金马,000766,2022-09-15,5.17,5.12,5.29,5.05,109706,56691717.22,4.67,-0.39,-0.02,1.31
通化金马,000766,2022-09-16,5.08,4.87,5.16,4.87,95857,47933500.0,5.66,-4.88,-0.25,1.14
通化金马,000766,2022-09-19,4.85,4.71,4.88,4.62,96667,45623111.64,5.34,-3.29,-0.16,1.15
通化金马,000766,2022-09-20,4.8,4.8,4.91,4.74,67604,32606439.93,3.61,1.91,0.09,0.81
通化金马,000766,2022-09-21,4.8,4.74,4.82,4.7,45339,21477875.0,2.5,-1.25,-0.06,0.54
通化金马,000766,2022-09-22,4.71,4.6,4.75,4.6,53242,24869794.0,3.16,-2.95,-0.14,0.63
通化金马,000766,2022-09-23,4.6,4.54,4.64,4.48,40055,18258791.51,3.48,-1.3,-0.06,0.48
通化金马,000766,2022-09-26,4.54,4.4,4.54,4.38,49300,21885746.0,3.52,-3.08,-0.14,0.59
通化金马,000766,2022-09-27,4.41,4.55,4.57,4.41,39981,17906643.0,3.64,3.41,0.15,0.48
通化金马,000766,2022-09-28,4.56,4.57,4.64,4.52,54275,24843887.76,2.64,0.44,0.02,0.65
通化金马,000766,2022-09-29,4.65,4.62,4.76,4.59,56199,26254219.74,3.72,1.09,0.05,0.67
通化金马,000766,2022-09-30,4.55,4.71,4.75,4.53,57194,26851701.08,4.76,1.95,0.09,0.68
通化金马,000766,2022-10-10,4.78,4.61,4.78,4.57,46326,21684460.6,4.46,-2.12,-0.1,0.55
通化金马,000766,2022-10-11,4.62,4.53,4.62,4.48,50734,22939978.0,3.04,-1.74,-0.08,0.6
通化金马,000766,2022-10-12,4.54,4.57,4.58,4.42,40582,18263014.45,3.53,0.88,0.04,0.48
通化金马,000766,2022-10-13,4.57,4.72,4.75,4.55,47113,22048434.7,4.38,3.28,0.15,0.56
通化金马,000766,2022-10-14,4.75,4.91,4.97,4.74,105159,51481813.2,4.87,4.03,0.19,1.25
通化金马,000766,2022-10-17,4.88,4.95,5.0,4.87,67933,33683272.36,2.65,0.81,0.04,0.81
通化金马,000766,2022-10-18,4.95,5.08,5.15,4.89,111871,56540314.5,5.25,2.63,0.13,1.33
通化金马,000766,2022-10-19,5.08,5.11,5.16,5.0,112632,57105754.52,3.15,0.59,0.03,1.34
通化金马,000766,2022-10-20,5.13,5.34,5.62,5.06,749580,412496926.25,10.96,4.5,0.23,8.93
通化金马,000766,2022-10-21,5.22,5.12,5.66,5.08,544026,287762458.82,10.86,-4.12,-0.22,6.48
通化金马,000766,2022-10-24,5.16,5.22,5.63,5.16,747449,410191315.84,9.18,1.95,0.1,8.91
通化金马,000766,2022-10-25,4.95,4.99,5.18,4.9,478317,239789244.5,5.36,-4.41,-0.23,5.7
通化金马,000766,2022-10-26,4.98,5.49,5.49,4.98,269022,145391898.64,10.22,10.02,0.5,3.21
通化金马,000766,2022-10-27,5.57,5.55,5.78,5.35,883249,492984015.24,7.83,1.09,0.06,10.53
通化金马,000766,2022-10-28,5.48,5.34,5.6,5.3,475761,257434193.11,5.41,-3.78,-0.21,5.67
通化金马,000766,2022-10-31,5.28,5.4,5.51,5.24,343620,184657292.63,5.06,1.12,0.06,4.1
通化金马,000766,2022-11-01,5.45,5.47,5.63,5.3,319690,173360115.55,6.11,1.3,0.07,3.81
通化金马,000766,2022-11-02,5.36,5.59,5.74,5.32,483200,267763462.95,7.68,2.19,0.12,5.76
通化金马,000766,2022-11-03,5.41,5.44,5.54,5.38,251603,136706998.7,2.86,-2.68,-0.15,3.0
通化金马,000766,2022-11-04,5.39,5.39,5.49,5.37,182876,98938337.85,2.21,-0.92,-0.05,2.18
通化金马,000766,2022-11-07,5.38,5.46,5.47,5.3,181181,97893328.57,3.15,1.3,0.07,2.16
通化金马,000766,2022-11-08,5.47,5.45,5.57,5.31,211036,115044830.95,4.76,-0.18,-0.01,2.52
通化金马,000766,2022-11-09,5.41,5.54,5.68,5.37,300395,166274075.24,5.69,1.65,0.09,3.58
通化金马,000766,2022-11-10,5.51,5.62,5.76,5.5,365482,206933676.43,4.69,1.44,0.08,4.36
通化金马,000766,2022-11-11,5.67,5.5,5.91,5.47,503262,286093729.89,7.83,-2.14,-0.12,5.93
通化金马,000766,2022-11-14,5.46,6.05,6.05,5.45,245889,145373142.22,10.91,10.0,0.55,2.9
通化金马,000766,2022-11-15,6.6,6.3,6.63,6.13,1026787,650401987.9,8.26,4.13,0.25,12.1
通化金马,000766,2022-11-16,6.15,5.89,6.2,5.87,566566,340278760.78,5.24,-6.51,-0.41,6.68
通化金马,000766,2022-11-17,5.94,5.92,6.0,5.86,333991,198044303.03,2.38,0.51,0.03,3.94
通化金马,000766,2022-11-18,5.88,6.14,6.27,5.88,533628,323790527.05,6.59,3.72,0.22,6.29
通化金马,000766,2022-11-21,6.09,6.09,6.23,6.01,340320,208351758.29,3.58,-0.81,-0.05,4.01
通化金马,000766,2022-11-22,6.06,5.81,6.18,5.76,329017,195313111.84,6.9,-4.6,-0.28,3.88
通化金马,000766,2022-11-23,5.83,5.59,5.89,5.5,276437,154838121.22,6.71,-3.79,-0.22,3.26
通化金马,000766,2022-11-24,5.59,5.67,5.79,5.56,193103,109625640.3,4.11,1.43,0.08,2.28
通化金马,000766,2022-11-25,5.62,5.79,5.8,5.56,213891,122031834.02,4.23,2.12,0.12,2.52
通化金马,000766,2022-11-28,5.71,5.72,5.87,5.67,171386,98621575.43,3.45,-1.21,-0.07,2.02
通化金马,000766,2022-11-29,5.67,5.88,5.96,5.66,225094,131957394.2,5.24,2.8,0.16,2.65
通化金马,000766,2022-11-30,5.84,5.87,6.02,5.81,195931,115610371.94,3.57,-0.17,-0.01,2.31
通化金马,000766,2022-12-01,5.95,5.82,5.98,5.73,171618,99549026.1,4.26,-0.85,-0.05,2.02
通化金马,000766,2022-12-02,5.78,5.82,5.88,5.74,109434,63516078.33,2.41,0.0,0.0,1.29
通化金马,000766,2022-12-05,5.9,5.84,6.0,5.8,172838,101550148.86,3.44,0.34,0.02,2.04
通化金马,000766,2022-12-06,5.84,5.69,5.89,5.63,164541,94243244.09,4.45,-2.57,-0.15,1.94
通化金马,000766,2022-12-07,5.69,6.12,6.17,5.62,375963,223648691.29,9.67,7.56,0.43,4.43
通化金马,000766,2022-12-08,6.06,6.04,6.15,5.91,330691,198882675.45,3.92,-1.31,-0.08,3.9
通化金马,000766,2022-12-09,6.0,6.01,6.1,5.93,202999,122078309.65,2.81,-0.5,-0.03,2.39
通化金马,000766,2022-12-12,6.14,6.21,6.25,6.04,346208,213622196.81,3.49,3.33,0.2,4.08
通化金马,000766,2022-12-13,6.18,6.36,6.53,5.99,451613,281378612.46,8.7,2.42,0.15,5.32
通化金马,000766,2022-12-14,6.25,6.06,6.29,6.03,249847,152788873.9,4.09,-4.72,-0.3,2.94
通化金马,000766,2022-12-15,6.0,6.02,6.1,5.97,119465,72145309.11,2.15,-0.66,-0.04,1.41
通化金马,000766,2022-12-16,6.0,6.1,6.15,5.97,175979,107020810.3,2.99,1.33,0.08,2.07
通化金马,000766,2022-12-19,6.03,5.69,6.08,5.64,216811,124959654.03,7.21,-6.72,-0.41,2.56
通化金马,000766,2022-12-20,5.69,5.59,5.71,5.51,108596,60896369.16,3.51,-1.76,-0.1,1.28
通化金马,000766,2022-12-21,5.61,5.57,5.73,5.57,82764,46674977.16,2.86,-0.36,-0.02,0.98
通化金马,000766,2022-12-22,5.65,5.82,6.13,5.5,262471,152776947.71,11.31,4.49,0.25,3.09
通化金马,000766,2022-12-23,5.78,5.73,5.96,5.7,146058,85137701.27,4.47,-1.55,-0.09,1.72
通化金马,000766,2022-12-26,5.74,5.52,5.78,5.39,170443,94479566.86,6.81,-3.66,-0.21,2.01
通化金马,000766,2022-12-27,5.52,5.34,5.53,5.22,145647,77681788.92,5.62,-3.26,-0.18,1.72
通化金马,000766,2022-12-28,5.35,5.31,5.38,5.26,63220,33604547.0,2.25,-0.56,-0.03,0.75
通化金马,000766,2022-12-29,5.25,5.32,5.37,5.21,54988,29269853.08,3.01,0.19,0.01,0.65
通化金马,000766,2022-12-30,5.31,5.27,5.35,5.25,49232,26056141.28,1.88,-0.94,-0.05,0.58
通化金马,000766,2023-01-03,5.49,5.52,5.72,5.35,162575,90001601.95,7.02,4.74,0.25,1.92
通化金马,000766,2023-01-04,5.55,5.54,5.74,5.42,141466,78544962.02,5.8,0.36,0.02,1.67
通化金马,000766,2023-01-05,5.52,5.43,5.54,5.43,84978,46412407.0,1.99,-1.99,-0.11,1.0
通化金马,000766,2023-01-06,5.45,5.37,5.48,5.33,59755,32144749.47,2.76,-1.1,-0.06,0.7
通化金马,000766,2023-01-09,5.41,5.44,5.45,5.34,54268,29276180.0,2.05,1.3,0.07,0.64
通化金马,000766,2023-01-10,5.42,5.36,5.43,5.35,42875,23064778.16,1.47,-1.47,-0.08,0.51
通化金马,000766,2023-01-11,5.38,5.28,5.38,5.27,42520,22657698.0,2.05,-1.49,-0.08,0.5
通化金马,000766,2023-01-12,5.29,5.3,5.35,5.28,40139,21338226.0,1.33,0.38,0.02,0.47
通化金马,000766,2023-01-13,5.32,5.38,5.44,5.31,60051,32420762.21,2.45,1.51,0.08,0.71
通化金马,000766,2023-01-16,5.38,5.51,5.53,5.38,79055,43307557.32,2.79,2.42,0.13,0.93
通化金马,000766,2023-01-17,5.5,5.44,5.52,5.42,33764,18424533.0,1.81,-1.27,-0.07,0.4
通化金马,000766,2023-01-18,5.43,5.42,5.45,5.41,28421,15438568.96,0.74,-0.37,-0.02,0.33
通化金马,000766,2023-01-19,5.43,5.4,5.45,5.38,32456,17584031.18,1.29,-0.37,-0.02,0.38
通化金马,000766,2023-01-20,5.48,5.49,5.5,5.42,45962,25105172.87,1.48,1.67,0.09,0.54
通化金马,000766,2023-01-30,5.55,5.46,5.56,5.44,66025,36221759.0,2.19,-0.55,-0.03,0.78
通化金马,000766,2023-01-31,5.46,5.41,5.47,5.39,40060,21691003.0,1.47,-0.92,-0.05,0.47
通化金马,000766,2023-02-01,5.41,5.43,5.43,5.33,76122,40881261.42,1.85,0.37,0.02,0.9
通化金马,000766,2023-02-02,5.43,5.44,5.49,5.42,56028,30546485.55,1.29,0.18,0.01,0.66
通化金马,000766,2023-02-03,5.44,5.38,5.47,5.34,63245,34057662.0,2.39,-1.1,-0.06,0.75
通化金马,000766,2023-02-06,5.35,5.32,5.41,5.32,64906,34832692.53,1.67,-1.12,-0.06,0.76
通化金马,000766,2023-02-07,5.32,5.36,5.38,5.29,58803,31387499.49,1.69,0.75,0.04,0.69
通化金马,000766,2023-02-08,5.39,5.46,5.48,5.32,97678,52971337.0,2.99,1.87,0.1,1.15
通化金马,000766,2023-02-09,5.45,5.48,5.53,5.42,83466,45745377.52,2.01,0.37,0.02,0.98
通化金马,000766,2023-02-10,5.49,5.53,5.59,5.47,90549,50177228.0,2.19,0.91,0.05,1.07
通化金马,000766,2023-02-13,5.56,5.52,5.56,5.48,71769,39548478.6,1.45,-0.18,-0.01,0.85
通化金马,000766,2023-02-14,5.54,5.6,5.61,5.52,68343,38098690.68,1.63,1.45,0.08,0.81
通化金马,000766,2023-02-15,5.6,5.5,5.62,5.49,90219,49978415.2,2.32,-1.79,-0.1,1.06
通化金马,000766,2023-02-16,5.5,5.41,5.58,5.37,111658,61417828.29,3.82,-1.64,-0.09,1.32
通化金马,000766,2023-02-17,5.42,5.55,5.57,5.38,114383,63068835.91,3.51,2.59,0.14,1.35
通化金马,000766,2023-02-20,5.57,5.62,5.62,5.46,125881,70085829.76,2.88,1.26,0.07,1.48
通化金马,000766,2023-02-21,5.62,5.56,5.68,5.53,82081,45873456.91,2.67,-1.07,-0.06,0.97
通化金马,000766,2023-02-22,5.53,5.66,5.67,5.5,90877,51077027.79,3.06,1.8,0.1,1.07
通化金马,000766,2023-02-23,5.66,5.58,5.69,5.53,82736,46215903.9,2.83,-1.41,-0.08,0.98
通化金马,000766,2023-02-24,5.59,5.55,5.6,5.53,47039,26149911.57,1.25,-0.54,-0.03,0.55
通化金马,000766,2023-02-27,5.57,5.47,5.61,5.45,69154,38058539.0,2.88,-1.44,-0.08,0.81
通化金马,000766,2023-02-28,5.48,5.67,5.67,5.46,109349,61004346.96,3.84,3.66,0.2,1.29
通化金马,000766,2023-03-01,5.67,5.64,5.7,5.59,89511,50431694.81,1.94,-0.53,-0.03,1.05
通化金马,000766,2023-03-02,5.65,5.55,5.65,5.54,65994,36846069.5,1.95,-1.6,-0.09,0.78
通化金马,000766,2023-03-03,5.55,5.55,5.59,5.51,43000,23848713.45,1.44,0.0,0.0,0.51
通化金马,000766,2023-03-06,5.56,5.59,5.63,5.55,74138,41486088.4,1.44,0.72,0.04,0.87
通化金马,000766,2023-03-07,5.59,5.4,5.59,5.4,97450,53388523.0,3.4,-3.4,-0.19,1.15
通化金马,000766,2023-03-08,5.43,5.4,5.45,5.36,65554,35379242.0,1.67,0.0,0.0,0.77
通化金马,000766,2023-03-09,5.43,5.37,5.45,5.34,49196,26467121.5,2.04,-0.56,-0.03,0.58
通化金马,000766,2023-03-10,5.36,5.34,5.39,5.26,62358,33179652.0,2.42,-0.56,-0.03,0.73
通化金马,000766,2023-03-13,5.3,5.27,5.34,5.18,72667,38067529.74,3.0,-1.31,-0.07,0.86
通化金马,000766,2023-03-14,5.29,5.22,5.36,5.19,72919,38429564.67,3.23,-0.95,-0.05,0.86
通化金马,000766,2023-03-15,5.26,5.35,5.39,5.23,66018,35244643.76,3.07,2.49,0.13,0.78
通化金马,000766,2023-03-16,5.37,5.32,5.4,5.31,50601,27081180.0,1.68,-0.56,-0.03,0.6
通化金马,000766,2023-03-17,5.35,5.21,5.36,5.19,79837,42035912.31,3.2,-2.07,-0.11,0.94
通化金马,000766,2023-03-20,5.22,5.07,5.24,5.01,86662,44106534.1,4.41,-2.69,-0.14,1.02
通化金马,000766,2023-03-21,5.12,5.15,5.16,5.05,39559,20296341.31,2.17,1.58,0.08,0.47
通化金马,000766,2023-03-22,5.19,5.16,5.23,5.14,45551,23581817.35,1.75,0.19,0.01,0.54
通化金马,000766,2023-03-23,5.18,5.14,5.18,5.12,43938,22574654.4,1.16,-0.39,-0.02,0.52
通化金马,000766,2023-03-24,5.17,5.11,5.24,5.09,59180,30428514.11,2.92,-0.58,-0.03,0.7
通化金马,000766,2023-03-27,5.09,5.11,5.15,5.06,47231,24132084.1,1.76,0.0,0.0,0.56
通化金马,000766,2023-03-28,5.11,5.26,5.31,5.11,102709,53863997.7,3.91,2.94,0.15,1.21
通化金马,000766,2023-03-29,5.26,5.2,5.29,5.16,59106,30815857.0,2.47,-1.14,-0.06,0.7
通化金马,000766,2023-03-30,5.18,5.08,5.22,5.05,63653,32457805.13,3.27,-2.31,-0.12,0.75
通化金马,000766,2023-03-31,5.07,5.22,5.24,5.06,68394,35515703.9,3.54,2.76,0.14,0.81
通化金马,000766,2023-04-03,5.21,5.21,5.3,5.18,52184,27257514.5,2.3,-0.19,-0.01,0.61
通化金马,000766,2023-04-04,5.21,5.24,5.27,5.18,38989,20388646.0,1.73,0.58,0.03,0.46
通化金马,000766,2023-04-06,5.25,5.27,5.34,5.22,52697,27832783.7,2.29,0.57,0.03,0.62
通化金马,000766,2023-04-07,5.27,5.3,5.31,5.25,42070,22265640.0,1.14,0.57,0.03,0.5
通化金马,000766,2023-04-10,5.29,5.21,5.31,5.2,53443,27971942.9,2.08,-1.7,-0.09,0.63
通化金马,000766,2023-04-11,5.22,5.19,5.22,5.13,43934,22717111.63,1.73,-0.38,-0.02,0.52
通化金马,000766,2023-04-12,5.18,5.19,5.26,5.16,41809,21781830.0,1.93,0.0,0.0,0.49
通化金马,000766,2023-04-13,5.2,5.29,5.3,5.16,88392,46541716.0,2.7,1.93,0.1,1.04
通化金马,000766,2023-04-14,5.32,5.27,5.39,5.26,53392,28346267.0,2.46,-0.38,-0.02,0.63
通化金马,000766,2023-04-17,5.27,5.29,5.34,5.2,39201,20599208.3,2.66,0.38,0.02,0.46
通化金马,000766,2023-04-18,5.27,5.29,5.33,5.24,45523,24083961.0,1.7,0.0,0.0,0.54
通化金马,000766,2023-04-19,5.29,5.24,5.31,5.22,65579,34532527.04,1.7,-0.95,-0.05,0.77
通化金马,000766,2023-04-20,5.23,5.09,5.26,5.07,89483,45998850.6,3.63,-2.86,-0.15,1.05
通化金马,000766,2023-04-21,5.08,5.09,5.16,5.06,61451,31340661.9,1.96,0.0,0.0,0.72
通化金马,000766,2023-04-24,5.1,5.15,5.21,5.08,75887,39119220.73,2.55,1.18,0.06,0.89
通化金马,000766,2023-04-25,5.18,4.97,5.18,4.94,102819,51657768.01,4.66,-3.5,-0.18,1.21
通化金马,000766,2023-04-26,4.99,5.06,5.1,4.95,54478,27447019.0,3.02,1.81,0.09,0.64
通化金马,000766,2023-04-27,5.04,5.28,5.33,5.04,137994,72472430.74,5.73,4.35,0.22,1.63
通化金马,000766,2023-04-28,5.23,5.25,5.28,5.17,90092,47062458.57,2.08,-0.57,-0.03,1.06
通化金马,000766,2023-05-04,5.27,5.32,5.35,5.24,97594,51857830.41,2.1,1.33,0.07,1.15
通化金马,000766,2023-05-05,5.33,5.26,5.34,5.24,75171,39678091.0,1.88,-1.13,-0.06,0.89
通化金马,000766,2023-05-08,5.27,5.22,5.33,5.21,62967,33085146.28,2.28,-0.76,-0.04,0.74
通化金马,000766,2023-05-09,5.22,5.13,5.24,5.12,66333,34310069.84,2.3,-1.72,-0.09,0.78
通化金马,000766,2023-05-10,5.09,5.09,5.15,5.01,52252,26650607.84,2.73,-0.78,-0.04,0.62
通化金马,000766,2023-05-11,5.13,5.05,5.13,5.03,53050,26846055.04,1.96,-0.79,-0.04,0.63
通化金马,000766,2023-05-12,5.03,5.07,5.15,5.02,52720,26869614.0,2.57,0.4,0.02,0.62
通化金马,000766,2023-05-15,5.07,5.07,5.1,4.97,68417,34356081.38,2.56,0.0,0.0,0.81
通化金马,000766,2023-05-16,5.07,5.07,5.09,5.0,55849,28163379.0,1.78,0.0,0.0,0.66
通化金马,000766,2023-05-17,5.06,5.11,5.12,4.97,59275,29956836.03,2.96,0.79,0.04,0.7
通化金马,000766,2023-05-18,5.11,5.06,5.16,5.04,43447,22106052.0,2.35,-0.98,-0.05,0.51
通化金马,000766,2023-05-19,5.07,5.1,5.11,5.01,36897,18688420.89,1.98,0.79,0.04,0.43
通化金马,000766,2023-05-22,5.08,5.11,5.15,5.08,33884,17326089.5,1.37,0.2,0.01,0.4
通化金马,000766,2023-05-23,5.1,5.12,5.18,5.09,48390,24925455.99,1.76,0.2,0.01,0.57
通化金马,000766,2023-05-24,5.09,5.05,5.11,5.02,53699,27162490.72,1.76,-1.37,-0.07,0.63
通化金马,000766,2023-05-25,5.04,5.02,5.09,4.98,48728,24444513.48,2.18,-0.59,-0.03,0.57
通化金马,000766,2023-05-26,5.05,5.11,5.15,5.0,56515,28698865.78,2.99,1.79,0.09,0.67
通化金马,000766,2023-05-29,5.1,5.43,5.5,5.07,287101,153776436.14,8.41,6.26,0.32,3.38
通化金马,000766,2023-05-30,5.4,5.43,5.51,5.35,134655,73069661.74,2.95,0.0,0.0,1.59
通化金马,000766,2023-05-31,5.47,5.39,5.48,5.37,73768,39944329.76,2.03,-0.74,-0.04,0.87
通化金马,000766,2023-06-01,5.37,5.28,5.41,5.25,78712,41841449.24,2.97,-2.04,-0.11,0.93
通化金马,000766,2023-06-02,5.28,5.19,5.3,5.18,85244,44496750.0,2.27,-1.7,-0.09,1.0
通化金马,000766,2023-06-05,5.22,5.34,5.4,5.18,102602,54519929.0,4.24,2.89,0.15,1.21
通化金马,000766,2023-06-06,5.37,5.27,5.38,5.25,64880,34524335.0,2.43,-1.31,-0.07,0.76
通化金马,000766,2023-06-07,5.28,5.2,5.3,5.19,60894,31814315.0,2.09,-1.33,-0.07,0.72
通化金马,000766,2023-06-08,5.21,5.15,5.23,5.11,57412,29605021.7,2.31,-0.96,-0.05,0.68
通化金马,000766,2023-06-09,5.16,4.96,5.17,4.95,147949,74303204.49,4.27,-3.69,-0.19,1.74
通化金马,000766,2023-06-12,4.98,4.85,4.99,4.77,124112,60194909.75,4.44,-2.22,-0.11,1.46
通化金马,000766,2023-06-13,4.86,4.79,4.86,4.77,64177,30771721.4,1.86,-1.24,-0.06,0.76
通化金马,000766,2023-06-14,4.77,4.82,4.86,4.72,70082,33679055.64,2.92,0.63,0.03,0.83
通化金马,000766,2023-06-15,4.84,4.82,4.84,4.76,42401,20323461.31,1.66,0.0,0.0,0.5
通化金马,000766,2023-06-16,4.81,4.79,4.84,4.77,58717,28123674.74,1.45,-0.62,-0.03,0.69
通化金马,000766,2023-06-19,4.8,4.74,4.83,4.74,47407,22614601.0,1.88,-1.04,-0.05,0.56
通化金马,000766,2023-06-20,4.77,4.67,4.79,4.67,59011,27804660.32,2.53,-1.48,-0.07,0.7
通化金马,000766,2023-06-21,4.65,4.66,4.72,4.62,39597,18461482.0,2.14,-0.21,-0.01,0.47
通化金马,000766,2023-06-26,4.67,4.54,4.67,4.53,53853,24653424.0,3.0,-2.58,-0.12,0.63
通化金马,000766,2023-06-27,4.58,4.7,4.7,4.56,47610,22192126.0,3.08,3.52,0.16,0.56
通化金马,000766,2023-06-28,4.71,4.69,4.71,4.64,27392,12797808.0,1.49,-0.21,-0.01,0.32
通化金马,000766,2023-06-29,4.7,4.74,4.77,4.66,31748,15057860.84,2.35,1.07,0.05,0.37
通化金马,000766,2023-06-30,4.74,4.8,4.82,4.74,48814,23390641.17,1.69,1.27,0.06,0.58
通化金马,000766,2023-07-03,4.81,4.93,4.94,4.79,86039,41988591.3,3.13,2.71,0.13,1.01
通化金马,000766,2023-07-04,4.9,5.42,5.42,4.89,346685,180880781.08,10.75,9.94,0.49,4.09
通化金马,000766,2023-07-05,5.38,5.44,5.53,5.31,393668,214405585.15,4.06,0.37,0.02,4.64
通化金马,000766,2023-07-06,5.4,5.43,5.5,5.34,187545,101727409.98,2.94,-0.18,-0.01,2.21
通化金马,000766,2023-07-07,5.49,5.55,5.62,5.43,182648,101097457.97,3.5,2.21,0.12,2.15
通化金马,000766,2023-07-10,5.53,5.62,5.65,5.47,205744,114629994.69,3.24,1.26,0.07,2.42
通化金马,000766,2023-07-11,5.63,5.52,5.66,5.45,176585,97803360.21,3.74,-1.78,-0.1,2.08
通化金马,000766,2023-07-12,5.55,5.42,5.61,5.4,126693,69722072.8,3.8,-1.81,-0.1,1.49
通化金马,000766,2023-07-13,5.43,5.52,5.57,5.42,87319,47912985.44,2.77,1.85,0.1,1.03
通化金马,000766,2023-07-14,5.51,5.53,5.59,5.47,91386,50571143.64,2.17,0.18,0.01,1.08
通化金马,000766,2023-07-17,5.49,5.5,5.55,5.43,64603,35504333.52,2.17,-0.54,-0.03,0.76
通化金马,000766,2023-07-18,5.5,5.43,5.54,5.4,62146,33777513.83,2.55,-1.27,-0.07,0.73
通化金马,000766,2023-07-19,5.41,5.38,5.49,5.34,66466,35856622.0,2.76,-0.92,-0.05,0.78
通化金马,000766,2023-07-20,5.39,5.35,5.43,5.34,53139,28583826.0,1.67,-0.56,-0.03,0.62
通化金马,000766,2023-07-21,5.39,5.39,5.46,5.34,62311,33670811.0,2.24,0.75,0.04,0.73
通化金马,000766,2023-07-24,5.4,5.48,5.52,5.34,74020,40498177.07,3.34,1.67,0.09,0.86
通化金马,000766,2023-07-25,5.48,5.49,5.53,5.42,65042,35603449.24,2.01,0.18,0.01,0.76
通化金马,000766,2023-07-26,5.5,5.49,5.55,5.46,64326,35444223.89,1.64,0.0,0.0,0.75
通化金马,000766,2023-07-27,5.5,5.51,5.63,5.48,71062,39307580.74,2.73,0.36,0.02,0.83
通化金马,000766,2023-07-28,5.49,5.55,5.6,5.48,73760,40990776.25,2.18,0.73,0.04,0.86
通化金马,000766,2023-07-31,5.55,5.53,5.65,5.47,86923,48191037.0,3.24,-0.36,-0.02,1.01
通化金马,000766,2023-08-01,5.52,5.46,5.56,5.45,68729,37673311.68,1.99,-1.27,-0.07,0.8
通化金马,000766,2023-08-02,5.43,5.44,5.48,5.41,44780,24391721.96,1.28,-0.37,-0.02,0.52
通化金马,000766,2023-08-03,5.42,5.8,5.9,5.41,370321,212593678.61,9.01,6.62,0.36,4.32
通化金马,000766,2023-08-04,5.75,5.65,5.77,5.62,201199,114126106.22,2.59,-2.59,-0.15,2.35
通化金马,000766,2023-08-07,5.65,5.69,5.69,5.5,130169,72766921.47,3.36,0.71,0.04,1.52
通化金马,000766,2023-08-08,5.72,6.14,6.26,5.66,445555,265198673.48,10.54,7.91,0.45,5.2
通化金马,000766,2023-08-09,6.04,5.97,6.14,5.93,282795,169620111.8,3.42,-2.77,-0.17,3.3
通化金马,000766,2023-08-10,6.05,5.92,6.06,5.87,165181,98269934.6,3.18,-0.84,-0.05,1.84
通化金马,000766,2023-08-11,5.99,5.84,6.13,5.8,161936,95668530.42,5.57,-1.35,-0.08,1.81
通化金马,000766,2023-08-14,5.84,5.84,5.93,5.75,143557,83999604.29,3.08,0.0,0.0,1.6
通化金马,000766,2023-08-15,5.83,5.87,5.91,5.78,125134,73119163.21,2.23,0.51,0.03,1.4
通化金马,000766,2023-08-16,5.83,5.82,5.93,5.76,107334,62721185.0,2.9,-0.85,-0.05,1.2
通化金马,000766,2023-08-17,6.07,6.04,6.15,5.9,298382,179418064.83,4.3,3.78,0.22,3.33
通化金马,000766,2023-08-18,5.98,5.44,6.02,5.44,469650,261160160.92,9.6,-9.93,-0.6,4.86
通化金马,000766,2023-08-21,5.4,5.98,5.98,5.4,580762,342922896.11,10.66,9.93,0.54,6.01
通化金马,000766,2023-08-22,5.83,6.03,6.15,5.83,540653,321966123.79,5.35,0.84,0.05,5.6
通化金马,000766,2023-08-23,6.03,5.96,6.12,5.94,329516,198170136.74,2.99,-1.16,-0.07,3.41
通化金马,000766,2023-08-24,5.97,6.06,6.1,5.91,206766,124402101.46,3.19,1.68,0.1,2.14
通化金马,000766,2023-08-25,6.13,6.06,6.14,6.0,222538,134866080.5,2.31,0.0,0.0,2.3
通化金马,000766,2023-08-28,6.43,6.3,6.43,6.06,352205,219948263.93,6.11,3.96,0.24,3.65
通化金马,000766,2023-08-29,6.25,6.17,6.35,6.16,275127,171516111.5,3.02,-2.06,-0.13,2.85
通化金马,000766,2023-08-30,6.23,6.79,6.79,6.17,698211,462327658.98,10.05,10.05,0.62,7.23
通化金马,000766,2023-08-31,6.85,7.47,7.47,6.76,666562,468306355.3,10.46,10.01,0.68,6.9
通化金马,000766,2023-09-01,7.8,7.26,8.22,7.1,1033134,791987886.75,14.99,-2.81,-0.21,10.7
通化金马,000766,2023-09-04,7.29,7.99,7.99,7.26,1010373,784715249.27,10.06,10.06,0.73,10.46
通化金马,000766,2023-09-05,7.9,7.96,8.39,7.79,1002739,808771512.34,7.51,-0.38,-0.03,10.38
通化金马,000766,2023-09-06,7.96,7.85,7.99,7.57,512732,398068836.47,5.28,-1.38,-0.11,5.31
通化金马,000766,2023-09-07,7.71,7.77,8.1,7.63,418642,330313430.63,5.99,-1.02,-0.08,4.33
通化金马,000766,2023-09-08,7.81,7.78,7.87,7.54,290859,224187343.73,4.25,0.13,0.01,3.01
通化金马,000766,2023-09-11,7.84,8.56,8.56,7.84,327926,272818265.88,9.25,10.03,0.78,3.39
通化金马,000766,2023-09-12,9.27,9.42,9.42,8.57,713111,656058190.67,9.93,10.05,0.86,7.38
通化金马,000766,2023-09-13,9.69,10.36,10.36,9.69,1315704,1340307502.36,7.11,9.98,0.94,13.62
通化金马,000766,2023-09-14,10.7,11.4,11.4,10.41,902233,1000773814.43,9.56,10.04,1.04,9.34
通化金马,000766,2023-09-15,11.88,12.54,12.54,11.83,653173,803759427.84,6.23,10.0,1.14,6.76
通化金马,000766,2023-09-18,13.65,13.52,13.79,12.65,1657122,2238161954.6,9.09,7.81,0.98,17.16
通化金马,000766,2023-09-19,13.55,13.34,14.7,12.89,1876669,2578623383.01,13.39,-1.33,-0.18,19.43
通化金马,000766,2023-09-20,12.01,12.01,12.01,12.01,100885,121162885.0,0.0,-9.97,-1.33,1.04
通化金马,000766,2023-09-21,12.51,13.21,13.21,12.51,1113187,1448475937.74,5.83,9.99,1.2,11.52
通化金马,000766,2023-09-22,13.88,11.89,14.3,11.89,2002898,2499522343.5,18.24,-9.99,-1.32,20.73
通化金马,000766,2023-09-25,11.31,10.7,11.76,10.7,1831584,2045713948.89,8.92,-10.01,-1.19,18.96
通化金马,000766,2023-09-26,10.85,11.01,11.24,10.55,1371401,1498043870.11,6.45,2.9,0.31,14.2
通化金马,000766,2023-09-27,10.92,11.59,12.11,10.82,1770230,2054084373.18,11.72,5.27,0.58,18.33
通化金马,000766,2023-09-28,11.8,12.75,12.75,11.45,1051160,1296813097.7,11.22,10.01,1.16,10.88
通化金马,000766,2023-10-09,13.38,13.54,14.03,13.26,1879914,2581213307.04,6.04,6.2,0.79,19.46
通化金马,000766,2023-10-10,13.69,12.19,13.94,12.19,1539006,1996741753.48,12.92,-9.97,-1.35,15.93
通化金马,000766,2023-10-11,12.0,12.17,12.58,11.92,1135675,1386426467.5,5.41,-0.16,-0.02,11.76
通化金马,000766,2023-10-12,12.0,13.39,13.39,11.79,1251119,1569159993.31,13.15,10.02,1.22,12.95
通化金马,000766,2023-10-13,14.04,14.73,14.73,14.04,1236213,1798258424.51,5.15,10.01,1.34,12.8
通化金马,000766,2023-10-16,15.2,14.32,15.95,13.7,1976231,2926837226.64,15.27,-2.78,-0.41,20.46
通化金马,000766,2023-10-17,14.36,15.75,15.75,14.36,1895917,2917485765.15,9.71,9.99,1.43,19.63
通化金马,000766,2023-10-18,15.87,15.15,16.08,14.18,1983511,2962786740.09,12.06,-3.81,-0.6,20.53
通化金马,000766,2023-10-19,14.42,13.64,14.42,13.64,949716,1315090305.34,5.15,-9.97,-1.51,9.83
通化金马,000766,2023-10-20,12.99,13.0,13.2,12.36,981966,1252904663.62,6.16,-4.69,-0.64,10.17
通化金马,000766,2023-10-23,12.79,12.3,12.99,12.08,680594,841830000.57,7.0,-5.38,-0.7,7.05
通化金马,000766,2023-10-24,12.28,12.13,12.87,11.98,837293,1037319658.05,7.24,-1.38,-0.17,8.67
通化金马,000766,2023-10-25,11.89,12.78,12.98,11.69,884793,1108649041.93,10.63,5.36,0.65,9.16
通化金马,000766,2023-10-26,12.6,13.05,13.56,12.45,985037,1277874899.1,8.69,2.11,0.27,10.2
通化金马,000766,2023-10-27,12.82,12.62,13.08,12.2,730468,917235084.67,6.74,-3.3,-0.43,7.56
通化金马,000766,2023-10-30,12.66,12.79,13.18,12.57,699063,897817827.72,4.83,1.35,0.17,7.24
通化金马,000766,2023-10-31,12.71,13.18,13.61,12.55,908274,1192375232.94,8.29,3.05,0.39,9.4
通化金马,000766,2023-11-01,12.8,12.43,12.85,11.96,781839,963828251.34,6.75,-5.69,-0.75,8.09
通化金马,000766,2023-11-02,12.21,11.55,12.4,11.5,708944,835026474.82,7.24,-7.08,-0.88,7.34
